"Date","Dernier","Ouv."," Plus Haut","Plus Bas","Variation %"
"27/11/2024","36,43","35,45","36,43","35,45","2,74%"
"26/11/2024","35,46","33,96","35,46","33,96","4,48%"
"25/11/2024","33,94","33,95","33,95","33,94","-0,06%"
"22/11/2024","33,96","31,97","33,96","31,97","6,22%"
"21/11/2024","31,97","31,97","31,97","31,97","0,00%"
"20/11/2024","31,97","31,97","31,97","31,97","1,59%"
"19/11/2024","31,47","31,47","31,96","31,47","0,00%"
"18/11/2024","31,47","31,47","31,47","31,47","0,00%"
"15/11/2024","31,47","31,47","31,47","31,46","-0,03%"
"14/11/2024","31,48","31,48","31,48","31,48","0,03%"
"13/11/2024","31,47","31,47","31,47","31,46","-0,03%"
"12/11/2024","31,48","31,48","31,48","31,48","-1,53%"
"11/11/2024","31,97","31,97","31,97","31,47","0,00%"
"08/11/2024","31,97","31,97","31,97","31,97","0,00%"
"07/11/2024","31,97","31,97","31,97","31,95","1,56%"
"06/11/2024","31,48","31,48","31,99","31,48","0,03%"
"05/11/2024","31,47","31,47","31,47","31,47","0,03%"
"04/11/2024","31,46","31,46","31,46","31,46","-0,03%"
"01/11/2024","31,47","31,47","31,48","31,47","-3,08%"
"31/10/2024","32,47","32,47","32,47","31,47","0,03%"
"30/10/2024","32,46","32,46","32,48","32,46","-0,03%"
"29/10/2024","32,47","32,47","32,47","32,46","0,00%"
"28/10/2024","32,47","32,47","32,47","32,47","0,03%"
"25/10/2024","32,46","32,46","32,47","32,46","0,00%"
"24/10/2024","32,46","32,46","32,46","32,46","-0,03%"
"23/10/2024","32,47","32,47","32,47","32,47","0,00%"
"22/10/2024","32,47","32,47","32,47","32,47","3,18%"
"21/10/2024","31,47","31,47","32,48","31,47","0,00%"
"18/10/2024","31,47","31,47","31,47","31,47","-3,08%"
"17/10/2024","32,47","32,47","32,47","31,48","0,00%"
"16/10/2024","32,47","32,47","32,47","32,46","0,00%"
"15/10/2024","32,47","32,47","32,47","32,46","-4,39%"
"14/10/2024","33,96","33,96","33,96","32,47","0,00%"
"11/10/2024","33,96","33,96","33,96","33,95","0,03%"
"10/10/2024","33,95","33,96","33,96","33,95","-2,82%"
"09/10/2024","34,94","33,95","34,94","33,95","2,90%"
"08/10/2024","33,95","33,95","33,96","33,95","-0,03%"
"07/10/2024","33,96","33,96","33,97","33,96","-1,45%"
"04/10/2024","34,46","34,46","34,46","34,00","0,00%"
"03/10/2024","34,46","34,46","36,18","34,46","0,00%"
"02/10/2024","34,46","34,46","34,46","34,46","0,00%"
"01/10/2024","34,46","34,46","34,46","34,44","0,00%"
"30/09/2024","34,46","34,46","34,46","33,02","0,00%"
"27/09/2024","34,46","34,46","34,46","34,44","0,03%"
"26/09/2024","34,45","34,45","34,46","34,45","-0,03%"
"25/09/2024","34,46","34,46","34,46","34,46","9,50%"
"24/09/2024","31,47","31,47","34,44","31,47","0,00%"
"23/09/2024","31,47","31,47","31,47","30,52","4,14%"
"20/09/2024","30,22","30,22","31,47","30,22","7,97%"
"19/09/2024","27,99","27,99","27,99","27,98","0,00%"
"18/09/2024","27,99","27,99","27,99","26,90","0,00%"
"17/09/2024","27,99","27,99","27,99","27,99","0,04%"
"16/09/2024","27,98","27,98","27,98","27,98","-3,45%"
"13/09/2024","28,98","28,98","28,98","27,98","-3,34%"
"12/09/2024","29,98","29,98","29,98","28,98","0,03%"
"11/09/2024","29,97","29,97","29,98","29,97","-0,03%"
"10/09/2024","29,98","29,98","29,98","29,97","0,00%"
"09/09/2024","29,98","29,98","29,98","29,98","0,00%"
"06/09/2024","29,98","29,98","29,98","29,97","0,00%"
"05/09/2024","29,98","29,98","29,98","29,98","-3,20%"
"04/09/2024","30,97","30,97","30,97","29,97","-4,79%"
"03/09/2024","32,53","30,97","30,97","32,53","5,03%"
"02/09/2024","30,97","30,97","30,98","30,97","-1,59%"
"30/08/2024","31,47","31,47","32,48","30,98","-3,05%"
"29/08/2024","32,46","32,46","32,46","31,47","-0,03%"
"28/08/2024","32,47","32,47","32,47","32,47","0,00%"
"27/08/2024","32,47","32,47","32,47","32,46","0,03%"
"26/08/2024","32,46","32,46","32,47","32,46","0,03%"
"23/08/2024","32,45","32,46","32,46","32,45","-0,06%"
"22/08/2024","32,47","32,47","32,48","32,47","0,00%"
"21/08/2024","32,47","32,47","32,47","32,46","0,00%"
"20/08/2024","32,47","32,47","32,47","32,46","0,00%"
"19/08/2024","32,47","32,47","32,47","32,47","0,03%"
"16/08/2024","32,46","32,46","32,46","32,46","-4,42%"
"15/08/2024","33,96","33,96","33,96","32,49","0,00%"
"14/08/2024","33,96","33,96","33,96","33,96","0,00%"
"13/08/2024","33,96","33,96","33,96","33,95","0,00%"
"12/08/2024","33,96","33,96","33,96","33,95","-2,83%"
"09/08/2024","34,95","34,95","34,95","33,96","0,03%"
"08/08/2024","34,94","34,94","34,97","34,94","-0,06%"
"07/08/2024","34,96","34,96","34,97","34,96","-1,44%"
"06/08/2024","35,47","35,47","35,47","34,98","7,62%"
"05/08/2024","32,96","32,96","35,45","32,96","6,43%"
"02/08/2024","30,97","30,97","32,92","30,97","10,65%"
"01/08/2024","27,99","27,99","30,96","27,99","0,00%"
"31/07/2024","27,99","27,99","27,99","27,98","0,00%"
"30/07/2024","27,99","27,99","27,99","27,98","0,04%"
"29/07/2024","27,98","27,98","27,98","27,98","0,00%"
"26/07/2024","27,98","27,98","27,98","27,98","0,00%"
"25/07/2024","27,98","27,98","27,98","27,98","-0,04%"
"24/07/2024","27,99","27,99","27,99","27,98","0,04%"
"23/07/2024","27,98","27,98","27,98","27,98","0,00%"
"22/07/2024","27,98","27,98","27,99","27,98","-0,04%"
"19/07/2024","27,99","27,99","27,99","27,99","0,00%"
"18/07/2024","27,99","27,99","27,99","27,99","0,04%"
"17/07/2024","27,98","27,98","27,98","27,98","0,00%"
"16/07/2024","27,98","27,98","27,98","27,98","-0,04%"
"15/07/2024","27,99","27,99","27,99","27,99","0,00%"
"12/07/2024","27,99","27,99","27,99","27,98","-6,64%"
"11/07/2024","29,98","29,98","29,98","27,98","9,06%"
"10/07/2024","27,49","27,49","29,98","27,49","0,00%"
"09/07/2024","27,49","27,49","27,49","27,49","-12,65%"
"08/07/2024","31,47","31,47","31,47","27,49","0,00%"
"05/07/2024","31,47","31,47","31,47","31,45","-7,33%"
"04/07/2024","33,96","33,96","33,96","31,47","0,00%"
"03/07/2024","33,96","33,96","33,96","33,95","-2,83%"
"02/07/2024","34,95","34,95","34,95","33,95","-12,45%"
"01/07/2024","39,92","39,92","39,92","34,97","8,04%"
"28/06/2024","36,95","36,95","39,93","36,95","0,00%"
"27/06/2024","36,95","36,95","36,95","36,93","0,00%"
"26/06/2024","36,95","36,95","36,96","36,95","0,03%"
"25/06/2024","36,94","36,94","36,95","36,94","0,00%"
"24/06/2024","36,94","36,94","36,94","36,94","-0,03%"
"21/06/2024","36,95","36,95","36,95","36,94","0,00%"
"20/06/2024","36,95","36,95","36,95","36,95","0,03%"
"19/06/2024","36,94","36,94","36,94","36,94","0,00%"
"18/06/2024","36,94","36,94","36,94","36,92","-3,90%"
"17/06/2024","38,44","38,44","38,44","36,96","37,53%"
"14/06/2024","27,95","27,95","38,42","27,95","-26,29%"
"13/06/2024","37,92","37,92","37,92","30,96","30,85%"
"12/06/2024","28,98","28,98","28,98","27,98","13,69%"
"11/06/2024","25,49","25,49","28,98","25,49","6,21%"
"10/06/2024","24,00","24,00","25,49","24,00","0,00%"
"07/06/2024","24,00","24,00","24,00","23,99","0,00%"
"06/06/2024","24,00","24,00","24,00","24,00","0,00%"
"05/06/2024","24,00","24,00","24,00","24,00","0,00%"
"04/06/2024","24,00","24,00","24,00","24,00","2,13%"
"03/06/2024","23,50","23,50","24,00","23,50","-23,68%"
"31/05/2024","30,79","30,79","30,79","23,50","0,00%"
"30/05/2024","30,79","30,79","30,79","23,50","31,02%"
"29/05/2024","23,50","23,50","23,50","23,50","0,00%"
"28/05/2024","23,50","23,50","23,50","23,50","0,00%"
"27/05/2024","23,50","23,50","23,50","23,50","0,00%"
"24/05/2024","23,50","23,50","23,50","23,50","-2,08%"
"23/05/2024","24,00","24,00","24,00","23,50","0,00%"
"22/05/2024","24,00","24,00","24,00","24,00","-4,69%"
"21/05/2024","25,18","25,18","25,18","24,00","0,72%"
"20/05/2024","25,00","25,00","25,00","25,00","0,00%"
"17/05/2024","25,00","25,00","25,00","25,00","0,00%"
"16/05/2024","25,00","25,00","25,00","25,00","37,29%"
"15/05/2024","18,21","18,21","25,00","18,21","-27,16%"
"14/05/2024","25,00","25,00","25,00","25,00","0,00%"
"13/05/2024","25,00","25,00","25,00","25,00","0,00%"
"10/05/2024","25,00","25,00","25,00","25,00","0,00%"
"09/05/2024","25,00","25,00","25,00","25,00","0,00%"
"08/05/2024","25,00","25,00","25,00","25,00","0,00%"
"07/05/2024","25,00","25,00","25,00","25,00","0,00%"
"06/05/2024","25,00","25,00","25,00","25,00","0,00%"
"03/05/2024","25,00","25,00","25,00","25,00","0,00%"
"02/05/2024","25,00","25,00","25,00","25,00","0,00%"
"01/05/2024","25,00","25,00","25,00","25,00","0,00%"
"30/04/2024","25,00","25,00","25,00","25,00","0,00%"
"29/04/2024","25,00","25,00","25,00","25,00","0,00%"
"26/04/2024","25,00","25,00","25,00","25,00","0,00%"
"25/04/2024","25,00","25,00","25,00","25,00","0,00%"
"24/04/2024","25,00","25,00","25,00","25,00","0,00%"
"23/04/2024","25,00","25,00","25,00","25,00","0,00%"
"22/04/2024","25,00","25,00","25,00","25,00","0,00%"
"19/04/2024","25,00","25,00","25,00","25,00","0,00%"
"18/04/2024","25,00","25,00","25,00","25,00","0,00%"
"17/04/2024","25,00","25,00","25,00","25,00","0,00%"
"16/04/2024","25,00","25,00","25,00","25,00","2,04%"
"15/04/2024","24,50","24,50","25,00","24,50","0,00%"
"12/04/2024","24,50","24,50","24,50","24,50","0,00%"
"11/04/2024","24,50","24,50","24,50","24,50","0,00%"
"10/04/2024","24,50","24,50","24,50","24,49","-2,00%"
"09/04/2024","25,00","25,00","25,00","24,50","0,00%"
"08/04/2024","25,00","25,00","25,00","25,00","0,00%"
"05/04/2024","25,00","25,00","25,00","25,00","0,00%"
"04/04/2024","25,00","25,00","25,00","25,00","0,00%"
"03/04/2024","25,00","25,00","25,00","25,00","0,00%"
"02/04/2024","25,00","25,00","25,00","25,00","0,00%"
"01/04/2024","25,00","25,00","25,00","25,00","0,00%"
"29/03/2024","25,00","25,00","25,00","25,00","0,00%"
"28/03/2024","25,00","25,00","25,00","25,00","0,00%"
"27/03/2024","25,00","25,00","25,00","25,00","-1,92%"
"26/03/2024","25,49","25,49","25,49","25,00","0,00%"
"25/03/2024","25,49","25,49","25,49","25,49","0,00%"
"22/03/2024","25,49","25,49","25,49","25,49","6,21%"
"21/03/2024","24,00","24,00","25,49","24,00","2,13%"
"20/03/2024","23,50","23,50","24,00","23,50","0,00%"
"19/03/2024","23,50","23,50","23,50","23,50","0,00%"
"18/03/2024","23,50","23,50","23,50","23,50","0,00%"
"15/03/2024","23,50","23,50","23,50","23,50","0,00%"
"14/03/2024","23,50","23,50","23,50","23,50","0,00%"
"13/03/2024","23,50","23,50","23,50","23,50","0,00%"
"12/03/2024","23,50","23,50","23,50","23,50","0,00%"
"11/03/2024","23,50","23,50","23,50","23,50","0,00%"
"08/03/2024","23,50","23,50","23,50","23,50","-2,08%"
"07/03/2024","24,00","24,00","24,00","23,50","0,00%"
"06/03/2024","24,00","24,00","24,00","24,00","0,00%"
"05/03/2024","24,00","24,00","24,00","24,00","0,00%"
"04/03/2024","24,00","24,00","24,00","24,00","0,00%"
"01/03/2024","24,00","24,00","24,00","24,00","0,00%"
"29/02/2024","24,00","24,00","24,00","24,00","0,00%"
"28/02/2024","24,00","24,00","24,00","24,00","0,00%"
"27/02/2024","24,00","24,00","24,00","24,00","0,00%"
"26/02/2024","24,00","24,00","24,00","24,00","0,00%"
"23/02/2024","24,00","24,00","24,00","24,00","0,00%"
"22/02/2024","24,00","24,00","24,00","24,00","0,00%"
"21/02/2024","24,00","24,00","24,00","24,00","0,00%"
"20/02/2024","24,00","24,00","24,00","24,00","0,00%"
"19/02/2024","24,00","24,00","24,00","24,00","0,00%"
"16/02/2024","24,00","24,00","24,00","24,00","0,00%"
"15/02/2024","24,00","24,00","24,00","24,00","0,00%"
"14/02/2024","24,00","24,00","24,00","24,00","0,00%"
"13/02/2024","24,00","24,00","24,00","23,99","0,00%"
"12/02/2024","24,00","24,00","24,00","24,00","0,00%"
"09/02/2024","24,00","24,00","24,00","24,00","0,00%"
"08/02/2024","24,00","24,00","24,00","24,00","0,00%"
"07/02/2024","24,00","24,00","24,00","24,00","0,00%"
"06/02/2024","24,00","24,00","24,00","24,00","0,00%"
"05/02/2024","24,00","24,00","24,00","24,00","0,00%"
"02/02/2024","24,00","24,00","24,00","23,99","0,00%"
"01/02/2024","24,00","24,00","24,00","24,00","0,00%"
"31/01/2024","24,00","24,00","24,00","24,00","0,00%"
"30/01/2024","24,00","24,00","24,00","24,00","0,00%"
"29/01/2024","24,00","24,00","24,00","24,00","0,00%"
"26/01/2024","24,00","24,00","24,00","24,00","0,00%"
"25/01/2024","24,00","24,00","24,00","24,00","0,00%"
"24/01/2024","24,00","24,00","24,00","24,00","0,00%"
"23/01/2024","24,00","24,00","24,00","24,00","0,00%"
"22/01/2024","24,00","24,00","24,00","24,00","0,00%"
"19/01/2024","24,00","24,00","24,00","24,00","0,00%"
"18/01/2024","24,00","24,00","24,00","24,00","0,00%"
"17/01/2024","24,00","24,00","24,00","24,00","0,00%"
"16/01/2024","24,00","24,00","24,00","24,00","0,00%"
"15/01/2024","24,00","24,00","24,00","24,00","-2,04%"
"12/01/2024","24,50","24,50","24,50","24,00","0,00%"
"11/01/2024","24,50","24,50","24,50","24,50","0,00%"
"10/01/2024","24,50","24,50","24,50","24,50","-2,00%"
"09/01/2024","25,00","25,00","25,00","24,50","0,00%"
"08/01/2024","25,00","25,00","25,00","25,00","0,00%"
"05/01/2024","25,00","25,00","25,00","25,00","0,00%"
"04/01/2024","25,00","25,00","25,00","25,00","-1,92%"
"03/01/2024","25,49","25,49","25,49","25,00","0,00%"
"02/01/2024","25,49","25,49","25,49","25,49","0,00%"
"01/01/2024","25,49","25,49","25,49","25,49","0,00%"
"29/12/2023","25,49","25,49","25,49","25,49","0,00%"
"28/12/2023","25,49","25,49","25,49","25,49","0,00%"
"27/12/2023","25,49","25,49","25,49","25,49","0,00%"
"26/12/2023","25,49","25,49","25,49","25,49","0,00%"
"25/12/2023","25,49","25,49","25,49","25,49","0,00%"
"22/12/2023","25,49","25,49","25,49","25,49","0,00%"
"21/12/2023","25,49","25,49","25,49","25,49","0,00%"
"20/12/2023","25,49","25,49","25,49","25,49","0,00%"
"19/12/2023","25,49","25,49","25,49","25,49","0,00%"
"18/12/2023","25,49","25,49","25,49","25,49","0,00%"
"15/12/2023","25,49","25,49","25,49","25,49","0,00%"
"14/12/2023","25,49","25,49","25,49","25,49","0,00%"
"13/12/2023","25,49","25,49","25,49","25,49","1,96%"
"12/12/2023","25,00","25,00","25,49","25,00","0,00%"
"11/12/2023","25,00","25,00","25,00","25,00","0,00%"
"08/12/2023","25,00","25,00","25,00","25,00","0,00%"
"07/12/2023","25,00","25,00","25,00","25,00","0,00%"
"06/12/2023","25,00","25,00","25,00","25,00","0,00%"
"05/12/2023","25,00","25,00","25,00","25,00","-8,39%"
"04/12/2023","27,29","27,29","27,29","25,00","5,00%"
"01/12/2023","25,99","25,99","25,99","25,00","0,00%"
"30/11/2023","25,99","25,99","25,99","25,99","0,00%"
"29/11/2023","25,99","25,99","25,99","25,99","0,00%"
"28/11/2023","25,99","25,99","25,99","25,99","0,00%"
"27/11/2023","25,99","25,99","25,99","25,99","0,00%"
"24/11/2023","25,99","25,99","25,99","25,99","0,00%"
"23/11/2023","25,99","25,99","25,99","25,99","0,00%"
"22/11/2023","25,99","25,99","25,99","25,99","0,00%"
"21/11/2023","25,99","25,99","25,99","25,99","0,00%"
"20/11/2023","25,99","25,99","25,99","25,99","-3,71%"
"17/11/2023","26,99","26,99","26,99","25,99","0,00%"
"16/11/2023","26,99","26,99","26,99","26,98","0,00%"
"15/11/2023","26,99","26,99","26,99","26,99","0,00%"
"14/11/2023","26,99","26,99","26,99","26,98","-1,82%"
"13/11/2023","27,49","27,49","27,49","26,99","0,04%"
"10/11/2023","27,48","27,48","27,49","27,48","-0,04%"
"09/11/2023","27,49","27,49","27,49","27,49","0,00%"
"08/11/2023","27,49","27,49","27,49","27,49","0,00%"
"07/11/2023","27,49","27,49","27,49","27,48","0,00%"
"06/11/2023","27,49","27,49","27,49","27,49","0,00%"
"03/11/2023","27,49","27,49","27,49","27,04","0,04%"
"02/11/2023","27,48","27,48","27,49","27,48","-0,04%"
"01/11/2023","27,49","27,49","27,49","27,48","0,00%"
"31/10/2023","27,49","27,49","27,49","27,49","0,00%"
"30/10/2023","27,49","27,49","27,49","27,49","0,00%"
"27/10/2023","27,49","27,49","27,49","27,48","0,00%"
"26/10/2023","27,49","27,49","27,49","27,48","0,00%"
"25/10/2023","27,49","27,49","27,49","27,49","0,00%"
"24/10/2023","27,49","27,49","28,26","27,49","0,00%"
"23/10/2023","27,49","27,49","27,49","27,48","0,04%"
"20/10/2023","27,48","27,49","28,01","27,48","-0,04%"
"19/10/2023","27,49","27,49","27,49","27,49","0,00%"
"18/10/2023","27,49","27,49","27,49","27,49","0,00%"
"17/10/2023","27,49","27,49","28,92","27,49","0,00%"
"16/10/2023","27,49","27,49","27,49","27,49","0,04%"
"13/10/2023","27,48","27,48","27,48","27,48","-0,04%"
"12/10/2023","27,49","27,49","27,49","27,49","-1,79%"
"11/10/2023","27,99","27,99","27,99","27,49","0,07%"
"10/10/2023","27,97","27,97","27,97","27,97","1,78%"
"09/10/2023","27,48","27,48","27,97","27,48","-0,04%"
"06/10/2023","27,49","27,49","27,49","27,49","-3,48%"
"05/10/2023","28,48","28,48","28,48","27,48","3,60%"
"04/10/2023","27,49","27,49","28,47","27,49","0,00%"
"03/10/2023","27,49","27,49","27,49","27,48","0,00%"
"02/10/2023","27,49","27,49","27,49","27,49","0,00%"
"29/09/2023","27,49","27,49","27,49","27,48","0,00%"
"28/09/2023","27,49","27,49","27,49","27,48","0,00%"
"27/09/2023","27,49","27,49","27,49","27,49","3,78%"
"26/09/2023","26,49","26,49","27,49","26,49","0,00%"
"25/09/2023","26,49","26,49","26,49","26,49","0,00%"
"22/09/2023","26,49","26,49","26,49","26,49","0,00%"
"21/09/2023","26,49","26,49","26,49","26,49","5,96%"
"20/09/2023","25,00","25,00","26,49","25,00","0,00%"
"19/09/2023","25,00","25,00","25,00","25,00","0,00%"
"18/09/2023","25,00","25,00","25,00","25,00","0,00%"
"15/09/2023","25,00","25,00","25,00","25,00","0,00%"
"14/09/2023","25,00","25,00","25,00","25,00","0,00%"
"13/09/2023","25,00","25,00","25,00","25,00","0,00%"
"12/09/2023","25,00","25,00","25,00","25,00","0,00%"
"11/09/2023","25,00","25,00","25,00","25,00","0,00%"
"08/09/2023","25,00","25,00","25,00","25,00","0,00%"
"07/09/2023","25,00","25,00","25,00","25,00","0,00%"
"06/09/2023","25,00","25,00","25,00","25,00","0,00%"
"05/09/2023","25,00","25,00","25,00","25,00","0,00%"
"04/09/2023","25,00","25,00","25,00","25,00","0,00%"
"01/09/2023","25,00","25,00","25,00","25,00","0,00%"
"31/08/2023","25,00","25,00","25,00","25,00","0,00%"
"30/08/2023","25,00","25,00","25,00","25,00","-1,92%"
"29/08/2023","25,49","25,49","25,49","25,00","0,00%"
"28/08/2023","25,49","25,49","25,49","25,49","0,00%"
"25/08/2023","25,49","25,49","25,49","25,49","0,00%"
"24/08/2023","25,49","25,49","25,49","25,49","0,00%"
"23/08/2023","25,49","25,49","25,49","25,49","0,00%"
"22/08/2023","25,49","25,49","25,49","25,49","0,00%"
"21/08/2023","25,49","25,49","25,49","25,49","1,96%"
"18/08/2023","25,00","25,00","25,49","25,00","0,00%"
"17/08/2023","25,00","25,00","25,00","25,00","0,00%"
"16/08/2023","25,00","25,00","25,00","25,00","0,00%"
"15/08/2023","25,00","25,00","25,00","25,00","0,00%"
"14/08/2023","25,00","25,00","25,00","25,00","0,00%"
"11/08/2023","25,00","25,00","25,00","25,00","0,00%"
"10/08/2023","25,00","25,00","25,00","25,00","0,00%"
"09/08/2023","25,00","25,00","25,00","25,00","0,00%"
"08/08/2023","25,00","25,00","25,00","25,00","0,00%"
"07/08/2023","25,00","25,00","25,00","25,00","4,17%"
"04/08/2023","24,00","24,00","25,00","24,00","0,00%"
"03/08/2023","24,00","24,00","24,00","24,00","0,00%"
"02/08/2023","24,00","24,00","24,00","24,00","0,00%"
"01/08/2023","24,00","24,00","24,00","24,00","0,00%"
"31/07/2023","24,00","24,00","24,00","24,00","-2,04%"
"28/07/2023","24,50","24,50","24,50","24,00","-2,00%"
"27/07/2023","25,00","25,00","25,00","24,50","0,00%"
"26/07/2023","25,00","25,00","25,00","25,00","0,00%"
"25/07/2023","25,00","25,00","25,00","25,00","0,00%"
"24/07/2023","25,00","25,00","25,00","25,00","0,00%"
"21/07/2023","25,00","25,00","25,00","25,00","0,00%"
"20/07/2023","25,00","25,00","25,00","25,00","0,00%"
"19/07/2023","25,00","25,00","25,00","25,00","0,00%"
"18/07/2023","25,00","25,00","25,00","25,00","0,00%"
"17/07/2023","25,00","25,00","25,00","25,00","-3,81%"
"14/07/2023","25,99","25,99","25,99","25,00","0,00%"
"13/07/2023","25,99","25,99","25,99","25,99","0,00%"
"12/07/2023","25,99","25,99","25,99","25,99","0,00%"
"11/07/2023","25,99","25,99","25,99","25,99","0,00%"
"10/07/2023","25,99","25,99","25,99","25,99","0,00%"
"07/07/2023","25,99","25,99","25,99","25,99","0,00%"
"06/07/2023","25,99","25,99","25,99","25,99","0,00%"
"05/07/2023","25,99","25,99","25,99","25,99","0,00%"
"04/07/2023","25,99","25,99","25,99","25,99","0,00%"
"03/07/2023","25,99","25,99","25,99","25,99","0,00%"
"30/06/2023","25,99","25,99","25,99","25,99","0,00%"
"29/06/2023","25,99","25,99","26,00","25,99","0,00%"
"28/06/2023","25,99","25,99","25,99","25,99","0,00%"
"27/06/2023","25,99","25,99","25,99","25,99","0,00%"
"26/06/2023","25,99","25,99","25,99","25,99","0,00%"
"23/06/2023","25,99","25,99","25,99","25,99","0,00%"
"22/06/2023","25,99","25,99","25,99","25,99","0,00%"
"21/06/2023","25,99","25,99","25,99","25,99","0,00%"
"20/06/2023","25,99","25,99","25,99","25,99","3,96%"
"19/06/2023","25,00","25,00","25,99","25,00","0,00%"
"16/06/2023","25,00","25,00","25,00","25,00","0,00%"
"15/06/2023","25,00","25,00","25,00","25,00","0,00%"
"14/06/2023","25,00","25,00","25,00","25,00","-5,62%"
"13/06/2023","26,49","26,49","26,49","25,00","0,00%"
"12/06/2023","26,49","26,49","26,49","26,49","0,00%"
"09/06/2023","26,49","26,49","26,49","26,49","-1,85%"
"08/06/2023","26,99","26,99","26,99","26,49","0,00%"
"07/06/2023","26,99","26,99","26,99","26,99","0,00%"
"06/06/2023","26,99","26,99","26,99","26,99","-0,04%"
"05/06/2023","27,00","27,00","27,00","26,99","0,04%"
"02/06/2023","26,99","26,99","27,00","26,99","0,00%"
"01/06/2023","26,99","26,99","26,99","26,99","0,00%"
"31/05/2023","26,99","26,99","26,99","26,98","0,00%"
"30/05/2023","26,99","26,99","26,99","26,98","0,00%"
"29/05/2023","26,99","26,99","26,99","26,99","0,00%"
"26/05/2023","26,99","26,99","26,99","26,99","0,00%"
"25/05/2023","26,99","26,99","26,99","26,99","0,00%"
"24/05/2023","26,99","26,99","26,99","26,99","0,00%"
"23/05/2023","26,99","26,99","26,99","26,99","-1,78%"
"22/05/2023","27,48","27,48","27,48","26,99","1,94%"
"19/05/2023","26,96","26,96","27,49","26,96","-8,00%"
"18/05/2023","29,30","29,30","29,30","27,86","7,00%"
"17/05/2023","27,39","27,39","27,57","27,39","-0,12%"
"16/05/2023","27,42","27,42","27,56","27,42","-0,15%"
"15/05/2023","27,46","27,46","27,55","27,46","-0,12%"
"12/05/2023","27,49","27,52","27,53","27,49","-0,14%"
"11/05/2023","27,53","27,53","27,53","27,52","0,10%"
"10/05/2023","27,50","27,51","27,51","27,50","0,08%"
"09/05/2023","27,48","27,48","27,49","27,48","-0,04%"
"08/05/2023","27,49","27,49","27,49","27,49","0,00%"
"05/05/2023","27,49","27,49","27,49","27,49","0,04%"
"04/05/2023","27,48","27,48","27,48","27,48","1,82%"
"03/05/2023","26,99","26,99","27,48","26,99","0,00%"
"02/05/2023","26,99","26,99","26,99","26,98","0,00%"
"01/05/2023","26,99","26,99","26,99","26,99","0,06%"
"28/04/2023","26,98","26,98","26,98","26,98","-0,06%"
"27/04/2023","26,99","26,99","26,99","26,99","0,00%"
"26/04/2023","26,99","26,99","26,99","26,99","0,04%"
"25/04/2023","26,98","26,98","26,98","26,98","-0,04%"
"24/04/2023","26,99","26,99","26,99","26,98","0,00%"
"21/04/2023","26,99","26,99","26,99","26,99","0,00%"
"20/04/2023","26,99","26,99","26,99","26,98","0,00%"
"19/04/2023","26,99","26,99","26,99","26,99","0,00%"
"18/04/2023","26,99","26,99","26,99","26,99","0,00%"
"17/04/2023","26,99","26,99","26,99","26,99","0,00%"
"14/04/2023","26,99","26,99","26,99","26,99","-0,08%"
"13/04/2023","27,01","27,01","27,01","27,01","0,08%"
"12/04/2023","26,99","26,99","26,99","26,99","0,00%"
"11/04/2023","26,99","26,99","26,99","26,99","0,00%"
"10/04/2023","26,99","26,99","26,99","26,99","0,00%"
"07/04/2023","26,99","26,99","26,99","26,99","0,00%"
"06/04/2023","26,99","26,99","26,99","26,99","0,00%"
"05/04/2023","26,99","26,99","26,99","26,99","0,00%"
"04/04/2023","26,99","26,99","26,99","26,99","-1,82%"
"03/04/2023","27,49","27,49","27,49","27,49","0,00%"
"31/03/2023","27,49","27,49","27,49","27,49","0,00%"
"30/03/2023","27,49","27,49","27,49","27,49","0,00%"
"29/03/2023","27,49","27,49","27,49","27,49","0,00%"
"28/03/2023","27,49","27,49","27,49","27,49","0,03%"
"27/03/2023","27,48","27,48","27,48","27,48","9,92%"
"24/03/2023","25,00","25,00","25,00","25,00","0,00%"
"23/03/2023","25,00","25,00","25,00","25,00","0,00%"
"22/03/2023","25,00","25,00","25,00","25,00","0,00%"
"21/03/2023","25,00","25,00","25,00","25,00","0,00%"
"20/03/2023","25,00","25,00","25,00","25,00","0,00%"
"17/03/2023","25,00","25,00","25,00","25,00","0,00%"
"16/03/2023","25,00","25,00","25,00","25,00","11,11%"
"15/03/2023","22,50","22,50","22,50","22,50","-0,20%"
"14/03/2023","22,54","22,54","22,54","22,54","0,15%"
"13/03/2023","22,51","22,51","22,51","22,51","0,00%"
"10/03/2023","22,51","22,51","22,51","22,51","0,04%"
"09/03/2023","22,50","22,50","22,50","22,50","0,00%"
"08/03/2023","22,50","22,50","22,50","22,50","0,00%"
"07/03/2023","22,50","22,50","22,50","22,50","0,00%"
"06/03/2023","22,50","22,50","22,50","22,50","0,00%"
"03/03/2023","22,50","22,50","22,50","22,50","0,00%"
"02/03/2023","22,50","22,50","22,50","22,50","0,00%"
"01/03/2023","22,50","22,50","22,50","22,50","0,00%"
"28/02/2023","22,50","22,50","22,50","22,50","0,00%"
"27/02/2023","22,50","22,50","22,50","22,50","0,00%"
"24/02/2023","22,50","22,50","22,50","22,50","0,00%"
"23/02/2023","22,50","22,50","22,50","22,50","0,00%"
"22/02/2023","22,50","22,50","22,50","22,50","-0,19%"
"21/02/2023","22,54","22,54","22,54","22,54","0,19%"
"20/02/2023","22,50","22,50","22,50","22,50","0,00%"
"17/02/2023","22,50","22,50","22,50","22,50","0,00%"
"16/02/2023","22,50","22,50","22,50","22,50","0,00%"
"15/02/2023","22,50","22,50","22,50","22,50","0,00%"
"14/02/2023","22,50","22,50","22,50","22,50","0,00%"
"13/02/2023","22,50","22,50","22,50","22,50","0,00%"
"10/02/2023","22,50","22,50","22,50","22,50","0,00%"
"09/02/2023","22,50","22,50","22,50","22,50","0,00%"
"08/02/2023","22,50","22,50","22,50","22,50","0,00%"
"07/02/2023","22,50","22,50","22,50","22,50","0,00%"
"06/02/2023","22,50","22,50","22,50","22,50","12,44%"
"03/02/2023","20,01","20,01","20,01","20,01","-11,07%"
"02/02/2023","22,50","22,50","22,50","22,50","0,00%"
"01/02/2023","22,50","22,50","22,50","22,50","0,00%"
"31/01/2023","22,50","22,50","22,50","22,50","0,00%"
"30/01/2023","22,50","22,50","22,50","22,50","0,00%"
"27/01/2023","22,50","22,50","22,50","22,50","0,00%"
"26/01/2023","22,50","22,50","22,50","22,50","-10,00%"
"25/01/2023","25,00","25,00","25,00","25,00","0,00%"
"24/01/2023","25,00","25,00","25,00","25,00","0,00%"
"23/01/2023","25,00","25,00","25,00","25,00","11,11%"
"20/01/2023","22,50","22,50","22,50","22,50","0,00%"
"19/01/2023","22,50","22,50","22,50","22,50","0,00%"
"18/01/2023","22,50","22,50","22,50","22,50","0,00%"
"17/01/2023","22,50","22,50","22,50","22,50","0,00%"
"16/01/2023","22,50","22,50","22,50","22,50","0,00%"
"13/01/2023","22,50","22,50","22,50","22,50","-10,00%"
"12/01/2023","25,00","25,00","25,00","25,00","-9,06%"
"11/01/2023","27,49","27,49","27,49","27,49","0,00%"
"10/01/2023","27,49","27,49","27,49","27,49","0,00%"
"09/01/2023","27,49","27,49","27,49","27,49","0,00%"
"06/01/2023","27,49","27,49","27,49","27,49","0,04%"
"05/01/2023","27,48","27,48","27,48","27,48","0,00%"
"04/01/2023","27,48","27,48","27,48","27,48","0,00%"
"03/01/2023","27,48","27,48","27,48","27,48","0,00%"
"02/01/2023","27,48","27,48","27,48","27,48","-0,04%"
"30/12/2022","27,49","27,49","27,49","27,49","0,04%"
"29/12/2022","27,48","27,48","27,48","27,48","-0,04%"
"28/12/2022","27,49","27,49","27,49","27,49","0,00%"
"27/12/2022","27,49","27,49","27,49","27,49","0,04%"
"26/12/2022","27,48","27,48","27,48","27,48","-0,04%"
"23/12/2022","27,49","27,49","27,49","27,49","0,04%"
"22/12/2022","27,48","27,48","27,48","27,48","-0,04%"
"21/12/2022","27,49","27,49","27,49","27,49","0,00%"
"20/12/2022","27,49","27,49","27,49","27,49","0,00%"
"19/12/2022","27,49","27,49","27,49","27,49","0,00%"
"16/12/2022","27,49","27,49","27,49","27,49","0,00%"
"15/12/2022","27,49","27,49","27,49","27,49","0,04%"
"14/12/2022","27,48","27,48","27,48","27,48","0,00%"
"13/12/2022","27,48","27,48","27,48","27,48","-0,04%"
"12/12/2022","27,49","27,49","27,49","27,49","0,04%"
"09/12/2022","27,48","27,48","27,48","27,48","-0,04%"
"08/12/2022","27,49","27,49","27,49","27,49","0,00%"
"07/12/2022","27,49","27,49","27,49","27,49","0,00%"
"06/12/2022","27,49","27,49","27,49","27,49","0,00%"
"05/12/2022","27,49","27,49","27,49","27,49","0,00%"
"02/12/2022","27,49","27,49","27,49","27,49","1,14%"
"01/12/2022","27,18","27,18","27,18","27,18","-1,09%"
"30/11/2022","27,48","27,48","27,48","27,48","-0,04%"
"29/11/2022","27,49","27,49","27,49","27,49","0,04%"
"28/11/2022","27,48","27,48","27,48","27,48","0,00%"
"25/11/2022","27,48","27,48","27,48","27,48","0,00%"
"24/11/2022","27,48","27,48","27,48","27,48","-0,72%"
"23/11/2022","27,68","27,68","27,68","27,68","0,73%"
"22/11/2022","27,48","27,48","27,48","27,48","0,00%"
"21/11/2022","27,48","27,48","27,48","27,48","-0,04%"
"18/11/2022","27,49","27,49","27,49","27,49","0,00%"
"17/11/2022","27,49","27,49","27,49","27,49","-9,03%"
"16/11/2022","30,22","30,22","30,22","30,22","0,83%"
"15/11/2022","29,97","29,97","29,97","29,97","-0,03%"
"14/11/2022","29,98","29,98","29,98","29,98","-7,64%"
"11/11/2022","32,46","32,46","32,46","32,46","0,00%"
"10/11/2022","32,46","32,46","32,46","32,46","-0,86%"
"09/11/2022","32,74","32,74","32,74","32,74","0,86%"
"08/11/2022","32,46","32,46","32,46","32,46","0,00%"
"07/11/2022","32,46","32,46","32,46","32,46","0,00%"
"04/11/2022","32,46","32,46","32,46","32,46","0,00%"
"03/11/2022","32,46","32,46","32,46","32,46","-1,79%"
"02/11/2022","33,05","33,05","33,05","33,05","1,85%"
"01/11/2022","32,45","32,45","32,45","32,45","-0,06%"
"31/10/2022","32,47","32,47","32,47","32,47","0,03%"
"28/10/2022","32,46","32,46","32,46","32,46","0,00%"
"27/10/2022","32,46","32,46","32,46","32,46","0,03%"
"26/10/2022","32,45","32,45","32,45","32,45","-7,13%"
"25/10/2022","34,94","34,94","34,94","34,94","0,03%"
"24/10/2022","34,93","34,93","34,93","34,93","-0,06%"
"21/10/2022","34,95","34,95","34,95","34,95","0,00%"
"20/10/2022","34,95","34,95","34,95","34,95","0,00%"
"19/10/2022","34,95","34,95","34,95","34,95","0,06%"
"18/10/2022","34,93","34,93","34,93","34,93","-0,03%"
"17/10/2022","34,94","34,94","34,94","34,94","0,00%"
"14/10/2022","34,94","34,94","34,94","34,94","-0,03%"
"13/10/2022","34,95","34,95","34,95","34,95","0,03%"
"12/10/2022","34,94","34,94","34,94","34,94","7,61%"
"11/10/2022","32,47","32,47","32,47","32,47","0,03%"
"10/10/2022","32,46","32,46","32,46","32,46","0,00%"
"07/10/2022","32,46","32,46","32,46","32,46","0,00%"
"06/10/2022","32,46","32,46","32,46","32,46","0,00%"
"05/10/2022","32,46","32,46","32,46","32,46","0,06%"
"04/10/2022","32,44","32,44","32,44","32,44","-0,06%"
"03/10/2022","32,46","32,46","32,46","32,46","-0,03%"
"30/09/2022","32,47","32,47","32,47","32,47","0,00%"
"29/09/2022","32,47","32,47","32,47","32,47","0,03%"
"28/09/2022","32,46","32,46","32,46","32,46","8,31%"
"27/09/2022","29,97","29,97","29,97","29,97","9,02%"
"26/09/2022","27,49","27,49","27,49","27,49","0,00%"
"23/09/2022","27,49","27,49","27,49","27,49","9,96%"
"22/09/2022","25,00","25,00","25,00","25,00","0,00%"
"21/09/2022","25,00","25,00","25,00","25,00","0,00%"
"20/09/2022","25,00","25,00","25,00","25,00","0,00%"
"19/09/2022","25,00","25,00","25,00","25,00","0,00%"
"16/09/2022","25,00","25,00","25,00","25,00","0,00%"
"15/09/2022","25,00","25,00","25,00","25,00","0,00%"
"14/09/2022","25,00","25,00","25,00","25,00","0,00%"
"13/09/2022","25,00","25,00","25,00","25,00","0,00%"
"12/09/2022","25,00","25,00","25,00","25,00","-1,57%"
"09/09/2022","25,40","25,40","25,40","25,40","1,60%"
"08/09/2022","25,00","25,00","25,00","25,00","-3,85%"
"07/09/2022","26,00","26,00","26,00","26,00","2,36%"
"06/09/2022","25,40","25,40","25,40","25,40","1,60%"
"05/09/2022","25,00","25,00","25,00","25,00","0,00%"
"02/09/2022","25,00","25,00","25,00","25,00","0,00%"
"01/09/2022","25,00","25,00","25,00","25,00","0,00%"
"31/08/2022","25,00","25,00","25,00","25,00","0,00%"
"30/08/2022","25,00","25,00","25,00","25,00","0,00%"
"29/08/2022","25,00","25,00","25,00","25,00","0,00%"
"26/08/2022","25,00","25,00","25,00","25,00","0,00%"
"25/08/2022","25,00","25,00","25,00","25,00","0,00%"
"24/08/2022","25,00","25,00","25,00","25,00","0,00%"
"23/08/2022","25,00","25,00","25,00","25,00","0,00%"
"22/08/2022","25,00","25,00","25,00","25,00","0,00%"
"19/08/2022","25,00","25,00","25,00","25,00","0,00%"
"18/08/2022","25,00","25,00","25,00","25,00","0,00%"
"17/08/2022","25,00","25,00","25,00","25,00","0,00%"
"16/08/2022","25,00","25,00","25,00","25,00","0,00%"
"15/08/2022","25,00","25,00","25,00","25,00","-3,81%"
"12/08/2022","25,99","25,99","25,99","25,99","0,00%"
"11/08/2022","25,99","25,99","25,99","25,99","0,00%"
"10/08/2022","25,99","25,99","25,99","25,99","0,00%"
"09/08/2022","25,99","25,99","25,99","25,99","0,00%"
"08/08/2022","25,99","25,99","25,99","25,99","0,00%"
"05/08/2022","25,99","25,99","25,99","25,99","-5,42%"
"04/08/2022","27,48","27,48","27,48","27,48","0,00%"
"03/08/2022","27,48","27,48","27,48","27,48","0,00%"
"02/08/2022","27,48","27,48","27,48","27,48","-0,04%"
"01/08/2022","27,49","27,49","27,49","27,49","0,04%"
"29/07/2022","27,48","27,48","27,48","27,48","-0,04%"
"28/07/2022","27,49","27,49","27,49","27,49","0,04%"
"27/07/2022","27,48","27,48","27,48","27,48","0,00%"
"26/07/2022","27,48","27,48","27,48","27,48","-0,04%"
"25/07/2022","27,49","27,49","27,49","27,49","0,00%"
"22/07/2022","27,49","27,49","27,49","27,49","0,04%"
"21/07/2022","27,48","27,48","27,48","27,48","-0,04%"
"20/07/2022","27,49","27,49","27,49","27,49","0,04%"
"19/07/2022","27,48","27,48","27,48","27,48","0,00%"
"18/07/2022","27,48","27,48","27,48","27,48","0,00%"
"15/07/2022","27,48","27,48","27,48","27,48","9,92%"
"14/07/2022","25,00","25,00","25,00","25,00","0,00%"
"13/07/2022","25,00","25,00","25,00","25,00","0,00%"
"12/07/2022","25,00","25,00","25,00","25,00","0,00%"
"11/07/2022","25,00","25,00","25,00","25,00","0,00%"
"08/07/2022","25,00","25,00","25,00","25,00","0,00%"
"07/07/2022","25,00","25,00","25,00","25,00","0,00%"
"06/07/2022","25,00","25,00","25,00","25,00","16,28%"
"05/07/2022","21,50","21,50","21,50","21,50","-8,51%"
"04/07/2022","23,50","23,50","23,50","23,50","-2,08%"
"01/07/2022","24,00","24,00","24,00","24,00","0,00%"
"30/06/2022","24,00","24,00","24,00","24,00","0,00%"
"29/06/2022","24,00","24,00","24,00","24,00","1,69%"
"28/06/2022","23,60","23,60","23,60","23,60","-1,67%"
"27/06/2022","24,00","24,00","24,00","24,00","-4,00%"
"24/06/2022","25,00","25,00","25,00","25,00","11,11%"
"23/06/2022","22,50","22,50","22,50","22,50","-0,04%"
"22/06/2022","22,51","22,51","22,51","22,51","-0,84%"
"21/06/2022","22,70","22,70","22,70","22,70","1,34%"
"20/06/2022","22,40","22,40","22,40","22,40","1,36%"
"17/06/2022","22,10","22,10","22,10","22,10","-1,78%"
"16/06/2022","22,50","22,50","22,50","22,50","-0,04%"
"15/06/2022","22,51","22,51","22,51","22,51","4,70%"
"14/06/2022","21,50","21,50","21,50","21,50","0,00%"
"13/06/2022","21,50","21,50","21,50","21,50","-0,05%"
"10/06/2022","21,51","21,51","21,51","21,51","0,05%"
"09/06/2022","21,50","21,50","21,50","21,50","-0,05%"
"08/06/2022","21,51","21,51","21,51","21,51","0,05%"
"07/06/2022","21,50","21,50","21,50","21,50","-0,05%"
"06/06/2022","21,51","21,51","21,51","21,51","0,00%"
"03/06/2022","21,51","21,51","21,51","21,51","0,00%"
"02/06/2022","21,51","21,51","21,51","21,51","0,05%"
"01/06/2022","21,50","21,50","21,50","21,50","0,00%"
"31/05/2022","21,50","21,50","21,50","21,50","-0,05%"
"30/05/2022","21,51","21,51","21,51","21,51","0,00%"
"27/05/2022","21,51","21,51","21,51","21,51","0,00%"
"26/05/2022","21,51","21,51","21,51","21,51","-8,47%"
"25/05/2022","23,50","23,50","23,50","23,50","0,00%"
"24/05/2022","23,50","23,50","23,50","23,50","0,00%"
"23/05/2022","23,50","23,50","23,50","23,50","0,00%"
"20/05/2022","23,50","23,50","23,50","23,50","0,00%"
"19/05/2022","23,50","23,50","23,50","23,50","0,00%"
"18/05/2022","23,50","23,50","23,50","23,50","0,00%"
"17/05/2022","23,50","23,50","23,50","23,50","0,00%"
"16/05/2022","23,50","23,50","23,50","23,50","-2,49%"
"13/05/2022","24,10","24,10","24,10","24,10","2,55%"
"12/05/2022","23,50","23,50","23,50","23,50","0,00%"
"11/05/2022","23,50","23,50","23,50","23,50","0,00%"
"10/05/2022","23,50","23,50","23,50","23,50","0,00%"
"09/05/2022","23,50","23,50","23,50","23,50","0,00%"
"06/05/2022","23,50","23,50","23,50","23,50","0,00%"
"05/05/2022","23,50","23,50","23,50","23,50","0,00%"
"04/05/2022","23,50","23,50","23,50","23,50","0,00%"
"03/05/2022","23,50","23,50","23,50","23,50","0,00%"
"02/05/2022","23,50","23,50","23,50","23,50","0,00%"
"29/04/2022","23,50","23,50","23,50","23,50","0,00%"
"28/04/2022","23,50","23,50","23,50","23,50","0,00%"
"27/04/2022","23,50","23,50","23,50","23,50","-6,00%"
"26/04/2022","25,00","25,00","25,00","25,00","0,00%"
"25/04/2022","25,00","25,00","25,00","25,00","0,00%"
"22/04/2022","25,00","25,00","25,00","25,00","-3,81%"
"21/04/2022","25,99","25,99","25,99","25,99","0,00%"
"20/04/2022","25,99","25,99","25,99","25,99","0,00%"
"19/04/2022","25,99","25,99","25,99","25,99","0,00%"
"18/04/2022","25,99","25,99","25,99","25,99","0,00%"
"15/04/2022","25,99","25,99","25,99","25,99","3,96%"
"14/04/2022","25,00","25,00","25,00","25,00","-9,06%"
"13/04/2022","27,49","27,49","27,49","27,49","0,00%"
"12/04/2022","27,49","27,49","27,49","27,49","0,00%"
"11/04/2022","27,49","27,49","27,49","27,49","0,00%"
"08/04/2022","27,49","27,49","27,49","27,49","0,04%"
"07/04/2022","27,48","27,48","27,48","27,48","-0,04%"
"06/04/2022","27,49","27,49","27,49","27,49","0,00%"
"05/04/2022","27,49","27,49","27,49","27,49","0,00%"
"04/04/2022","27,49","27,49","27,49","27,49","0,07%"
"01/04/2022","27,47","27,47","27,47","27,47","0,00%"
"31/03/2022","27,47","27,47","27,47","27,47","0,04%"
"30/03/2022","27,46","27,46","27,46","27,46","-0,04%"
"29/03/2022","27,47","27,47","27,47","27,47","0,00%"
"28/03/2022","27,47","27,47","27,47","27,47","0,00%"
"25/03/2022","27,47","27,47","27,47","27,47","0,00%"
"24/03/2022","27,47","27,47","27,47","27,47","3,74%"
"23/03/2022","26,48","26,48","26,48","26,48","8,08%"
"22/03/2022","24,50","24,50","24,50","24,50","8,79%"
"21/03/2022","22,52","22,52","22,52","22,52","0,00%"
"18/03/2022","22,52","22,52","22,52","22,52","0,00%"
"17/03/2022","22,52","22,52","22,52","22,52","-9,92%"
"16/03/2022","25,00","25,00","25,00","25,00","0,00%"
"15/03/2022","25,00","25,00","25,00","25,00","0,00%"
"14/03/2022","25,00","25,00","25,00","25,00","0,00%"
"11/03/2022","25,00","25,00","25,00","25,00","0,00%"
"10/03/2022","25,00","25,00","25,00","25,00","0,00%"
"09/03/2022","25,00","25,00","25,00","25,00","0,00%"
"08/03/2022","25,00","25,00","25,00","25,00","4,12%"
"07/03/2022","24,01","24,01","24,01","24,01","0,00%"
"04/03/2022","24,01","24,01","24,01","24,01","0,00%"
"03/03/2022","24,01","24,01","24,01","24,01","4,35%"
"02/03/2022","23,01","23,01","23,01","23,01","0,00%"
"01/03/2022","23,01","23,01","23,01","23,01","9,36%"
"28/02/2022","21,04","21,04","21,04","21,04","0,05%"
"25/02/2022","21,03","21,03","21,03","21,03","-0,05%"
"24/02/2022","21,04","21,04","21,04","21,04","0,05%"
"23/02/2022","21,03","21,03","21,03","21,03","10,39%"
"22/02/2022","19,05","19,05","19,05","19,05","0,05%"
"21/02/2022","19,04","19,04","19,04","19,04","0,00%"
"18/02/2022","19,04","19,04","19,04","19,04","-0,05%"
"17/02/2022","19,05","19,05","19,05","19,05","0,00%"
"16/02/2022","19,05","19,05","19,05","19,05","0,00%"
"15/02/2022","19,05","19,05","19,05","19,05","0,05%"
"14/02/2022","19,04","19,04","19,04","19,04","0,00%"
"11/02/2022","19,04","19,04","19,04","19,04","0,00%"
"10/02/2022","19,04","19,04","19,04","19,04","-0,05%"
"09/02/2022","19,05","19,05","19,05","19,05","0,05%"
"08/02/2022","19,04","19,04","19,04","19,04","0,00%"
"07/02/2022","19,04","19,04","19,04","19,04","0,00%"
"04/02/2022","19,04","19,04","19,04","19,04","0,00%"
"03/02/2022","19,04","19,04","19,04","19,04","0,00%"
"02/02/2022","19,04","19,04","19,04","19,04","-0,05%"
"01/02/2022","19,05","19,05","19,05","19,05","0,05%"
"31/01/2022","19,04","19,04","19,04","19,04","0,00%"
"28/01/2022","19,04","19,04","19,04","19,04","0,00%"
"27/01/2022","19,04","19,04","19,04","19,04","-0,05%"
"26/01/2022","19,05","19,05","19,05","19,05","0,05%"
"25/01/2022","19,04","19,04","19,04","19,04","0,00%"
"24/01/2022","19,04","19,04","19,04","19,04","-4,99%"
"21/01/2022","20,04","20,04","20,04","20,04","0,05%"
"20/01/2022","20,03","20,03","20,03","20,03","-0,05%"
"19/01/2022","20,04","20,04","20,04","20,04","0,05%"
"18/01/2022","20,03","20,03","20,03","20,03","0,00%"
"17/01/2022","20,03","20,03","20,03","20,03","-0,05%"
"14/01/2022","20,04","20,04","20,04","20,04","0,00%"
"13/01/2022","20,04","20,04","20,04","20,04","0,00%"
"12/01/2022","20,04","20,04","20,04","20,04","0,00%"
"11/01/2022","20,04","20,04","20,04","20,04","0,00%"
"10/01/2022","20,04","20,04","20,04","20,04","0,00%"
"07/01/2022","20,04","20,04","20,04","20,04","0,05%"
"06/01/2022","20,03","20,03","20,03","20,03","-0,05%"
"05/01/2022","20,04","20,04","20,04","20,03","0,00%"
"04/01/2022","20,04","20,04","20,04","20,04","0,00%"
"03/01/2022","20,04","20,04","20,04","20,03","0,00%"
"31/12/2021","20,04","20,04","20,04","20,04","0,00%"
"30/12/2021","20,04","20,04","20,04","20,04","0,00%"
"29/12/2021","20,04","20,04","20,04","20,04","0,00%"
"28/12/2021","20,04","20,04","20,04","20,04","0,00%"
"27/12/2021","20,04","20,04","20,04","20,04","0,00%"
"24/12/2021","20,04","20,04","20,04","20,04","0,00%"
"23/12/2021","20,04","20,04","20,04","20,04","0,00%"
"22/12/2021","20,04","20,04","20,04","20,04","0,05%"
"21/12/2021","20,03","20,04","20,04","20,03","-0,05%"
"20/12/2021","20,04","20,04","20,04","20,04","0,00%"
"17/12/2021","20,04","20,04","20,04","20,04","0,00%"
"16/12/2021","20,04","20,04","20,04","20,04","0,00%"
"15/12/2021","20,04","20,04","20,04","20,04","0,00%"
"14/12/2021","20,04","20,04","20,04","20,04","-0,05%"
"13/12/2021","20,05","20,04","20,05","20,04","0,05%"
"10/12/2021","20,04","20,04","20,04","20,04","0,00%"
"09/12/2021","20,04","20,04","20,04","20,04","0,00%"
"08/12/2021","20,04","20,04","20,04","20,04","0,05%"
"07/12/2021","20,03","20,04","20,04","20,03","0,00%"
"06/12/2021","20,03","20,04","20,04","20,03","-0,10%"
"03/12/2021","20,05","20,04","20,05","20,04","0,10%"
"02/12/2021","20,03","20,05","20,05","20,03","-0,05%"
"01/12/2021","20,04","20,04","20,04","20,04","0,00%"
"30/11/2021","20,04","20,05","20,05","20,04","0,00%"
"29/11/2021","20,04","20,03","20,04","20,03","-0,10%"
"26/11/2021","20,06","20,04","20,06","20,04","0,10%"
"25/11/2021","20,04","20,05","20,05","20,04","0,00%"
"24/11/2021","20,04","20,05","20,05","20,04","0,00%"
"23/11/2021","20,04","20,04","20,04","20,04","0,05%"
"22/11/2021","20,03","20,04","20,04","20,03","-0,05%"
"19/11/2021","20,04","20,04","20,04","20,04","0,00%"
"18/11/2021","20,04","20,04","20,04","20,04","0,00%"
"17/11/2021","20,04","20,04","20,04","20,04","0,00%"
"16/11/2021","20,04","20,04","20,04","20,04","0,00%"
"15/11/2021","20,04","20,04","20,04","20,04","0,00%"
"12/11/2021","20,04","20,04","20,04","20,04","-3,00%"
"11/11/2021","20,66","20,04","20,66","20,04","-0,58%"
"10/11/2021","20,78","20,04","20,78","20,04","-0,05%"
"09/11/2021","20,79","20,04","20,79","20,04","-0,53%"
"08/11/2021","20,90","20,04","20,90","20,04","-0,05%"
"05/11/2021","20,91","20,04","20,91","20,04","0,00%"
"04/11/2021","20,91","20,04","20,91","20,04","0,05%"
"03/11/2021","20,90","20,04","20,90","20,04","-0,05%"
"02/11/2021","20,91","20,04","20,91","20,04","0,05%"
"01/11/2021","20,90","20,04","20,90","20,04","-0,05%"
"29/10/2021","20,91","20,04","20,91","20,04","0,05%"
"28/10/2021","20,90","20,03","20,90","20,03","-0,05%"
"27/10/2021","20,91","20,04","20,91","20,04","0,05%"
"26/10/2021","20,90","20,04","20,90","20,04","-0,62%"
"25/10/2021","21,03","20,04","21,03","20,04","0,00%"
"22/10/2021","21,03","20,04","21,03","20,04","0,00%"
"21/10/2021","21,03","20,04","21,03","20,04","0,57%"
"20/10/2021","20,91","20,04","20,91","20,04","0,00%"
"19/10/2021","20,91","20,04","20,91","20,04","0,05%"
"18/10/2021","20,90","20,03","20,90","20,03","0,00%"
"15/10/2021","20,90","20,04","20,90","20,04","-0,05%"
"14/10/2021","20,91","20,04","20,91","20,04","0,05%"
"13/10/2021","20,90","20,04","20,90","20,04","0,00%"
"12/10/2021","20,90","20,03","20,90","20,03","0,00%"
"11/10/2021","20,90","20,03","20,90","20,03","0,00%"
"08/10/2021","20,90","20,04","20,90","20,04","0,58%"
"07/10/2021","20,78","20,04","20,78","20,04","0,00%"
"06/10/2021","20,78","20,04","20,78","20,04","1,22%"
"05/10/2021","20,53","20,04","20,53","20,04","1,23%"
"04/10/2021","20,28","20,04","20,28","20,04","0,60%"
"01/10/2021","20,16","20,04","20,16","20,04","0,00%"
"30/09/2021","20,16","20,04","20,16","20,04","-0,64%"
"29/09/2021","20,29","20,04","20,29","20,04","0,00%"
"28/09/2021","20,29","20,04","20,29","20,04","0,05%"
"27/09/2021","20,28","20,04","20,28","20,04","-2,41%"
"24/09/2021","20,78","21,03","21,03","20,78","0,00%"
"23/09/2021","20,78","21,03","21,03","20,78","0,00%"
"22/09/2021","20,78","21,03","21,03","20,78","0,00%"
"21/09/2021","20,78","21,03","21,03","20,78","1,17%"
"20/09/2021","20,54","21,78","21,78","20,54","2,55%"
"17/09/2021","20,03","20,03","20,03","20,03","0,00%"
"16/09/2021","20,03","20,03","20,03","20,03","-2,29%"
"15/09/2021","20,50","20,03","20,50","20,03","0,00%"
"14/09/2021","20,50","20,03","20,50","20,03","0,00%"
"13/09/2021","20,50","20,03","20,50","20,03","0,00%"
"10/09/2021","20,50","21,03","21,03","20,50","-2,38%"
"09/09/2021","21,00","21,03","21,03","21,00","0,00%"
"08/09/2021","21,00","21,03","21,03","21,00","0,00%"
"07/09/2021","21,00","21,02","21,02","21,00","0,00%"
"06/09/2021","21,00","21,03","21,03","21,00","0,00%"
"03/09/2021","21,00","21,03","21,03","21,00","0,00%"
"02/09/2021","21,00","21,03","21,03","21,00","0,00%"
"01/09/2021","21,00","21,02","21,02","21,00","0,00%"
"31/08/2021","21,00","21,03","21,03","21,00","0,00%"
"30/08/2021","21,00","21,03","21,03","21,00","0,00%"
"27/08/2021","21,00","21,03","21,03","21,00","0,00%"
"26/08/2021","21,00","21,03","21,03","21,00","0,00%"
"25/08/2021","21,00","21,03","21,03","21,00","0,00%"
"24/08/2021","21,00","21,02","21,02","21,00","0,00%"
"23/08/2021","21,00","21,52","21,52","21,00","-2,33%"
"20/08/2021","21,50","21,52","21,52","21,50","0,00%"
"19/08/2021","21,50","21,52","21,52","21,50","0,00%"
"18/08/2021","21,50","21,52","21,52","21,50","0,00%"
"17/08/2021","21,50","21,52","21,52","21,50","0,00%"
"16/08/2021","21,50","21,52","21,52","21,50","-0,69%"
"13/08/2021","21,65","21,52","21,65","21,52","0,05%"
"12/08/2021","21,64","21,65","21,65","21,64","-0,05%"
"11/08/2021","21,65","21,52","21,65","21,52","0,00%"
"10/08/2021","21,65","21,52","21,65","21,52","0,00%"
"09/08/2021","21,65","21,52","21,65","21,52","0,05%"
"06/08/2021","21,64","21,52","21,64","21,52","0,00%"
"05/08/2021","21,64","21,52","21,64","21,52","-0,05%"
"04/08/2021","21,65","21,52","21,65","21,52","0,00%"
"03/08/2021","21,65","21,52","21,65","21,52","0,00%"
"02/08/2021","21,65","21,52","21,65","21,52","0,00%"
"30/07/2021","21,65","21,52","21,65","21,52","0,05%"
"29/07/2021","21,64","21,52","21,64","21,52","-0,05%"
"28/07/2021","21,65","21,52","21,65","21,52","0,00%"
"27/07/2021","21,65","21,52","21,65","21,52","0,00%"
"26/07/2021","21,65","21,52","21,65","21,52","0,00%"
"23/07/2021","21,65","21,52","21,65","21,52","0,00%"
"22/07/2021","21,65","21,52","21,65","21,52","-0,55%"
"21/07/2021","21,77","21,52","21,77","21,52","0,00%"
"20/07/2021","21,77","21,52","21,77","21,52","1,11%"
"19/07/2021","21,53","21,52","21,53","21,52","0,05%"
"16/07/2021","21,52","21,52","21,52","21,52","0,00%"
"15/07/2021","21,52","21,52","21,52","21,52","0,00%"
"14/07/2021","21,52","21,52","21,52","21,52","-1,15%"
"13/07/2021","21,77","21,52","21,77","21,52","0,00%"
"12/07/2021","21,77","21,52","21,77","21,52","0,00%"
"09/07/2021","21,77","21,52","21,77","21,52","0,00%"
"08/07/2021","21,77","21,52","21,77","21,52","0,00%"
"07/07/2021","21,77","21,52","21,77","21,52","0,00%"
"06/07/2021","21,77","22,52","22,52","21,77","-2,25%"
"05/07/2021","22,27","22,52","22,52","22,27","0,00%"
"02/07/2021","22,27","22,52","22,52","22,27","0,00%"
"01/07/2021","22,27","22,52","22,52","22,27","-0,80%"
"30/06/2021","22,45","22,52","22,52","22,45","0,00%"
"29/06/2021","22,45","22,52","22,52","22,45","0,00%"
"28/06/2021","22,45","22,52","22,52","22,45","0,00%"
"25/06/2021","22,45","22,52","22,52","22,45","-0,27%"
"24/06/2021","22,51","22,52","22,52","22,51","0,00%"
"23/06/2021","22,51","22,52","22,52","22,51","-0,04%"
"22/06/2021","22,52","22,52","22,52","22,52","0,04%"
"21/06/2021","22,51","22,52","22,52","22,51","-0,04%"
"18/06/2021","22,52","22,52","22,52","22,52","0,00%"
"17/06/2021","22,52","23,51","23,51","22,52","-1,83%"
"16/06/2021","22,94","23,51","23,51","22,94","-0,30%"
"15/06/2021","23,01","23,51","23,51","23,01","0,00%"
"14/06/2021","23,01","23,51","23,51","23,01","0,00%"
"11/06/2021","23,01","23,51","23,51","23,01","0,00%"
"10/06/2021","23,01","23,51","23,51","23,01","0,00%"
"09/06/2021","23,01","23,51","23,51","23,01","0,00%"
"08/06/2021","23,01","23,51","23,51","23,01","0,00%"
"07/06/2021","23,01","23,51","23,51","23,01","0,00%"
"04/06/2021","23,01","23,51","23,51","23,01","0,00%"
"03/06/2021","23,01","23,51","23,51","23,01","0,00%"
"02/06/2021","23,01","23,51","23,51","23,01","-1,07%"
"01/06/2021","23,26","23,51","23,51","23,26","0,00%"
"31/05/2021","23,26","23,51","23,51","23,26","0,00%"
"28/05/2021","23,26","23,51","23,51","23,26","0,00%"
"27/05/2021","23,26","23,51","23,51","23,26","0,00%"
"26/05/2021","23,26","23,51","23,51","23,26","0,00%"
"25/05/2021","23,26","23,51","23,51","23,26","-1,06%"
"24/05/2021","23,51","23,51","23,51","23,51","0,00%"
"21/05/2021","23,51","23,51","23,51","23,51","-1,05%"
"20/05/2021","23,76","23,51","23,76","23,51","0,04%"
"19/05/2021","23,75","23,51","23,75","23,51","0,00%"
"18/05/2021","23,75","23,51","23,75","23,51","0,00%"
"17/05/2021","23,75","22,51","23,75","22,51","2,11%"
"14/05/2021","23,26","22,52","23,26","22,52","0,00%"
"13/05/2021","23,26","22,52","23,26","22,52","1,09%"
"12/05/2021","23,01","22,51","23,01","22,51","0,00%"
"11/05/2021","23,01","22,52","23,01","22,52","0,00%"
"10/05/2021","23,01","22,52","23,01","22,52","0,00%"
"07/05/2021","23,01","22,51","23,01","22,51","1,10%"
"06/05/2021","22,76","22,52","22,76","22,52","1,07%"
"05/05/2021","22,52","22,52","22,52","22,52","0,04%"
"04/05/2021","22,51","22,52","22,52","22,51","-0,04%"
"03/05/2021","22,52","22,52","22,52","22,52","0,04%"
"30/04/2021","22,51","22,52","22,52","22,51","1,08%"
"29/04/2021","22,27","22,52","22,52","22,27","0,00%"
"28/04/2021","22,27","22,52","22,52","22,27","0,00%"
"27/04/2021","22,27","22,52","22,52","22,27","1,14%"
"26/04/2021","22,02","22,52","22,52","22,02","-1,12%"
"23/04/2021","22,27","22,52","22,52","22,27","0,00%"
"22/04/2021","22,27","22,52","22,52","22,27","-1,07%"
"21/04/2021","22,51","21,52","22,51","21,52","2,23%"
"20/04/2021","22,02","21,52","22,02","21,52","1,15%"
"19/04/2021","21,77","21,52","21,77","21,52","0,00%"
"16/04/2021","21,77","21,52","21,77","21,52","2,30%"
"15/04/2021","21,28","22,52","22,52","21,28","-4,45%"
"14/04/2021","22,27","19,04","22,27","19,04","15,45%"
"13/04/2021","19,29","19,04","19,29","19,04","1,31%"
"12/04/2021","19,04","19,04","19,04","19,04","0,63%"
"09/04/2021","18,92","19,04","19,04","18,92","0,64%"
"08/04/2021","18,80","16,06","18,80","16,06","10,20%"
"07/04/2021","17,06","16,06","17,06","16,06","-0,06%"
"06/04/2021","17,07","16,07","17,07","16,07","0,00%"
"05/04/2021","17,07","16,07","17,07","16,07","0,12%"
"02/04/2021","17,05","16,06","17,05","16,06","-0,06%"
"01/04/2021","17,06","16,06","17,06","16,06","1,55%"
"31/03/2021","16,80","16,06","16,80","16,06","0,00%"
"30/03/2021","16,80","16,06","16,80","16,06","0,72%"
"29/03/2021","16,68","16,06","16,68","16,06","0,00%"
"26/03/2021","16,68","16,06","16,68","16,06","1,52%"
"25/03/2021","16,43","16,06","16,43","16,06","0,74%"
"24/03/2021","16,31","16,06","16,31","16,06","-1,51%"
"23/03/2021","16,56","15,07","16,56","15,07","-1,49%"
"22/03/2021","16,81","16,56","16,81","16,56","11,62%"
"19/03/2021","15,06","15,06","15,06","15,06","0,07%"
"18/03/2021","15,05","15,06","15,06","15,05","-0,07%"
"17/03/2021","15,06","15,06","15,06","15,06","0,00%"
"16/03/2021","15,06","15,06","15,06","15,06","0,00%"
"15/03/2021","15,06","15,06","15,06","15,06","0,07%"
"12/03/2021","15,05","15,06","15,06","15,05","-0,07%"
"11/03/2021","15,06","15,06","15,06","15,06","-1,63%"
"10/03/2021","15,31","15,06","15,31","15,06","0,79%"
"09/03/2021","15,19","15,06","15,19","15,06","0,07%"
"08/03/2021","15,18","15,05","15,18","15,05","-0,85%"
"05/03/2021","15,31","15,05","15,31","15,05","0,07%"
"04/03/2021","15,30","15,06","15,30","15,06","0,00%"
"03/03/2021","15,30","15,06","15,30","15,06","0,00%"
"02/03/2021","15,30","15,06","15,30","15,06","0,00%"
"01/03/2021","15,30","15,06","15,30","15,06","-1,67%"
"26/02/2021","15,56","15,07","15,56","15,07","3,46%"
"25/02/2021","15,04","15,05","15,05","15,04","-3,28%"
"24/02/2021","15,55","15,06","15,55","15,06","-0,83%"
"23/02/2021","15,68","15,05","15,68","15,05","0,00%"
"22/02/2021","15,68","15,05","15,68","15,05","0,05%"
"19/02/2021","15,67","15,05","15,67","15,05","-0,06%"
"18/02/2021","15,68","15,06","15,68","15,06","0,00%"
"17/02/2021","15,68","15,06","15,68","15,06","0,06%"
"16/02/2021","15,67","15,05","15,67","15,05","-0,82%"
"15/02/2021","15,80","16,05","16,05","15,80","-3,07%"
"12/02/2021","16,30","16,05","16,30","16,05","0,00%"
"11/02/2021","16,30","16,05","16,30","16,05","0,00%"
"10/02/2021","16,30","16,05","16,30","16,05","0,00%"
"09/02/2021","16,30","16,05","16,30","16,05","0,00%"
"08/02/2021","16,30","16,05","16,30","16,05","-1,15%"
"05/02/2021","16,49","17,55","17,55","16,49","-4,29%"
"04/02/2021","17,23","17,54","17,54","17,23","0,00%"
"03/02/2021","17,23","17,54","17,54","17,23","0,00%"
"02/02/2021","17,23","17,54","17,54","17,23","0,00%"
"01/02/2021","17,23","17,55","17,55","17,23","-0,06%"
"29/01/2021","17,24","17,55","17,55","17,24","-0,35%"
"28/01/2021","17,30","17,55","17,55","17,30","0,70%"
"27/01/2021","17,18","17,55","17,55","17,18","0,06%"
"26/01/2021","17,17","17,55","17,55","17,17","0,70%"
"25/01/2021","17,05","17,55","17,55","17,05","3,02%"
"22/01/2021","16,55","17,55","17,55","16,55","0,73%"
"21/01/2021","16,43","17,55","17,55","16,43","-0,73%"
"20/01/2021","16,55","17,55","17,55","16,55","0,00%"
"19/01/2021","16,55","17,55","17,55","16,55","0,00%"
"18/01/2021","16,55","17,55","17,55","16,55","0,00%"
"15/01/2021","16,55","17,55","17,55","16,55","0,00%"
"14/01/2021","16,55","17,54","17,54","16,55","0,00%"
"13/01/2021","16,55","17,55","17,55","16,55","0,00%"
"12/01/2021","16,55","17,54","17,54","16,55","0,00%"
"11/01/2021","16,55","17,55","17,55","16,55","0,00%"
"08/01/2021","16,55","17,54","17,54","16,55","-2,93%"
"07/01/2021","17,05","17,55","17,55","17,05","-1,39%"
"06/01/2021","17,29","17,54","17,54","17,29","-0,06%"
"05/01/2021","17,30","17,55","17,55","17,30","0,00%"
"04/01/2021","17,30","17,30","17,30","17,30","0,00%"
"01/01/2021","17,30","17,55","17,55","17,30","0,00%"
"31/12/2020","17,30","17,55","17,55","17,30","0,00%"
"30/12/2020","17,30","17,55","17,55","17,30","0,76%"
"29/12/2020","17,17","17,54","17,54","17,17","0,00%"
"28/12/2020","17,17","17,55","17,55","17,17","0,00%"
"25/12/2020","17,17","17,55","17,55","17,17","0,00%"
"24/12/2020","17,17","17,54","17,54","17,17","0,00%"
"23/12/2020","17,17","17,55","17,55","17,17","0,00%"
"22/12/2020","17,17","17,55","17,55","17,17","0,00%"
"21/12/2020","17,17","17,55","17,55","17,17","0,70%"
"18/12/2020","17,05","17,55","17,55","17,05","0,00%"
"17/12/2020","17,05","17,54","17,54","17,05","0,00%"
"16/12/2020","17,05","17,55","17,55","17,05","-1,39%"
"15/12/2020","17,29","17,54","17,54","17,29","2,92%"
"14/12/2020","16,80","17,55","17,55","16,80","0,00%"
"11/12/2020","16,80","17,55","17,55","16,80","0,00%"
"10/12/2020","16,80","17,55","17,55","16,80","0,00%"
"09/12/2020","16,80","17,55","17,55","16,80","-2,89%"
"08/12/2020","17,30","17,55","17,55","17,30","0,00%"
"07/12/2020","17,30","17,55","17,55","17,30","0,00%"
"04/12/2020","17,30","17,55","17,55","17,30","0,00%"
"03/12/2020","17,30","17,55","17,55","17,30","-1,42%"
"02/12/2020","17,55","17,55","17,55","17,55","0,00%"
"01/12/2020","17,55","17,55","17,55","17,55","0,00%"
"30/11/2020","17,55","17,55","17,55","17,55","-0,06%"
"27/11/2020","17,56","17,55","17,56","17,55","0,00%"
"26/11/2020","17,56","17,55","17,56","17,55","0,00%"
"25/11/2020","17,56","17,55","17,56","17,55","-0,34%"
"24/11/2020","17,62","17,56","17,62","17,56","0,00%"
"23/11/2020","17,62","17,56","17,62","17,56","0,00%"
"20/11/2020","17,62","17,56","17,62","17,56","0,34%"
"19/11/2020","17,56","17,56","17,56","17,56","0,00%"
"18/11/2020","17,56","17,56","17,56","17,56","0,00%"
"17/11/2020","17,56","17,56","17,56","17,56","0,00%"
"16/11/2020","17,56","17,56","17,56","17,56","0,00%"
"13/11/2020","17,56","17,56","17,56","17,56","0,00%"
"12/11/2020","17,56","17,56","17,56","17,56","0,00%"
"11/11/2020","17,56","17,56","17,56","17,56","-1,35%"
"10/11/2020","17,80","17,56","17,80","17,56","0,00%"
"09/11/2020","17,80","17,56","17,80","17,56","0,00%"
"06/11/2020","17,80","17,56","17,80","17,56","0,00%"
"05/11/2020","17,80","17,56","17,80","17,56","-1,44%"
"04/11/2020","18,06","17,56","18,06","17,56","0,06%"
"03/11/2020","18,05","17,56","18,05","17,56","-0,06%"
"02/11/2020","18,06","18,05","18,06","17,56","0,06%"
"30/10/2020","18,05","18,05","18,05","17,56","0,00%"
"29/10/2020","18,05","17,56","18,05","17,56","0,00%"
"28/10/2020","18,05","17,56","18,05","17,56","1,69%"
"27/10/2020","17,75","17,56","17,75","17,56","0,00%"
"26/10/2020","17,75","17,56","17,75","17,56","0,00%"
"23/10/2020","17,75","17,56","17,75","17,56","0,06%"
"22/10/2020","17,74","17,56","17,74","17,56","0,00%"
"21/10/2020","17,74","17,56","17,74","17,56","-0,39%"
"20/10/2020","17,81","17,56","17,81","17,56","1,42%"
"19/10/2020","17,56","17,56","17,56","17,56","0,00%"
"16/10/2020","17,56","17,56","17,56","17,56","0,00%"
"15/10/2020","17,56","17,56","17,56","17,56","-2,77%"
"14/10/2020","18,06","17,56","18,06","17,56","0,00%"
"13/10/2020","18,06","17,56","18,06","17,56","-0,50%"
"12/10/2020","18,15","17,56","18,15","17,56","0,00%"
"09/10/2020","18,15","17,56","18,15","17,56","-0,82%"
"08/10/2020","18,30","17,56","18,30","17,56","0,00%"
"07/10/2020","18,30","17,56","18,30","17,56","0,00%"
"06/10/2020","18,30","17,56","18,30","17,56","0,00%"
"05/10/2020","18,30","17,56","18,30","17,56","-0,71%"
"02/10/2020","18,43","17,56","18,43","17,56","0,00%"
"01/10/2020","18,43","17,56","18,43","17,56","0,05%"
"30/09/2020","18,42","17,56","18,42","17,56","-0,05%"
"29/09/2020","18,43","17,56","18,43","17,56","-0,65%"
"28/09/2020","18,55","17,56","18,55","17,56","0,00%"
"25/09/2020","18,55","17,56","18,55","17,56","0,00%"
"24/09/2020","18,55","17,56","18,55","17,56","0,00%"
"23/09/2020","18,55","17,55","18,55","17,55","0,00%"
"22/09/2020","18,55","18,05","18,55","18,05","0,00%"
"21/09/2020","18,55","17,55","18,55","17,55","4,98%"
"18/09/2020","17,67","17,55","17,67","17,55","0,00%"
"17/09/2020","17,67","17,55","17,67","17,55","-0,06%"
"16/09/2020","17,68","17,55","17,68","17,55","0,00%"
"15/09/2020","17,68","17,55","17,68","17,55","-0,67%"
"14/09/2020","17,80","17,55","17,80","17,55","0,00%"
"11/09/2020","17,80","17,55","17,80","17,55","0,00%"
"10/09/2020","17,80","17,55","17,80","17,55","-1,39%"
"09/09/2020","18,05","17,56","18,05","17,56","0,00%"
"08/09/2020","18,05","17,56","18,05","17,56","0,00%"
"07/09/2020","18,05","17,55","18,05","17,55","0,00%"
"04/09/2020","18,05","20,04","20,04","18,05","-6,43%"
"03/09/2020","19,29","20,04","20,04","19,29","0,00%"
"02/09/2020","19,29","20,04","20,04","19,29","0,00%"
"01/09/2020","19,29","20,04","20,04","19,29","0,00%"
"31/08/2020","19,29","20,04","20,04","19,29","0,00%"
"28/08/2020","19,29","20,04","20,04","19,29","0,00%"
"27/08/2020","19,29","20,04","20,04","19,29","-1,28%"
"26/08/2020","19,54","20,04","20,04","19,54","0,00%"
"25/08/2020","19,54","20,04","20,04","19,54","0,00%"
"24/08/2020","19,54","20,04","20,04","19,54","-0,31%"
"21/08/2020","19,60","20,04","20,04","19,60","0,00%"
"20/08/2020","19,60","20,04","20,04","19,60","0,00%"
"19/08/2020","19,60","20,04","20,04","19,60","0,31%"
"18/08/2020","19,54","20,04","20,04","19,54","0,00%"
"17/08/2020","19,54","20,04","20,04","19,54","0,00%"
"14/08/2020","19,54","20,04","20,04","19,54","0,00%"
"13/08/2020","19,54","20,04","20,04","19,54","0,00%"
"12/08/2020","19,54","20,04","20,04","19,54","0,00%"
"11/08/2020","19,54","20,04","20,04","19,54","-1,86%"
"10/08/2020","19,91","20,04","20,04","19,91","0,00%"
"07/08/2020","19,91","20,04","20,04","19,91","0,00%"
"06/08/2020","19,91","20,04","20,04","19,91","0,00%"
"05/08/2020","19,91","20,04","20,04","19,91","-0,65%"
"04/08/2020","20,04","20,04","20,04","20,04","0,00%"
"03/08/2020","20,04","20,04","20,04","20,04","0,00%"
"31/07/2020","20,04","20,04","20,04","20,04","0,00%"
"30/07/2020","20,04","20,04","20,04","20,04","0,00%"
"29/07/2020","20,04","20,04","20,04","20,04","-2,43%"
"28/07/2020","20,54","20,04","20,54","20,04","-1,15%"
"27/07/2020","20,78","20,04","20,78","20,04","0,00%"
"24/07/2020","20,78","20,04","20,78","20,04","0,00%"
"23/07/2020","20,78","20,04","20,78","20,04","0,00%"
"22/07/2020","20,78","20,04","20,78","20,04","0,00%"
"21/07/2020","20,78","20,04","20,78","20,04","0,00%"
"20/07/2020","20,78","22,52","22,52","20,78","-6,69%"
"17/07/2020","22,27","22,52","22,52","22,27","2,30%"
"16/07/2020","21,77","22,52","22,52","21,77","-1,14%"
"15/07/2020","22,02","22,52","22,52","22,02","-0,03%"
"14/07/2020","22,03","22,52","22,52","22,03","0,03%"
"13/07/2020","22,02","22,52","22,52","22,02","-1,12%"
"10/07/2020","22,27","25,00","25,00","22,27","0,00%"
"09/07/2020","22,27","25,00","25,00","22,27","0,00%"
"08/07/2020","22,27","22,52","22,52","22,27","0,00%"
"07/07/2020","22,27","22,52","22,52","22,27","0,00%"
"06/07/2020","22,27","25,00","25,00","22,27","-5,27%"
"03/07/2020","23,51","25,00","25,00","23,51","-2,04%"
"02/07/2020","24,00","25,00","25,00","24,00","0,00%"
"01/07/2020","24,00","25,00","25,00","24,00","-2,04%"
"30/06/2020","24,50","25,00","25,00","24,50","0,00%"
"29/06/2020","24,50","24,50","24,50","24,50","0,00%"
"26/06/2020","24,50","24,50","24,50","24,50","-0,99%"
"25/06/2020","24,75","25,00","25,00","24,75","0,00%"
"24/06/2020","24,75","25,00","25,00","24,75","-0,96%"
"23/06/2020","24,99","27,47","27,47","24,99","-4,73%"
"22/06/2020","26,23","27,47","27,47","26,23","0,00%"
"19/06/2020","26,23","27,47","27,47","26,23","0,00%"
"18/06/2020","26,23","27,47","27,47","26,23","0,00%"
"17/06/2020","26,23","26,23","26,23","26,23","0,00%"
"16/06/2020","26,23","29,94","29,94","26,23","-1,87%"
"15/06/2020","26,73","25,00","26,73","25,00","2,89%"
"12/06/2020","25,98","25,00","25,98","25,00","-0,04%"
"11/06/2020","25,99","25,00","25,99","25,00","-1,85%"
"10/06/2020","26,48","25,00","26,48","25,00","0,00%"
"09/06/2020","26,48","29,93","29,93","26,48","-8,53%"
"08/06/2020","28,95","29,94","29,94","28,95","-6,40%"
"05/06/2020","30,93","32,66","32,66","30,93","0,00%"
"04/06/2020","30,93","32,40","32,40","32,40","-5,29%"
"03/06/2020","32,66","32,40","32,66","32,40","-1,48%"
"02/06/2020","33,15","32,40","33,15","32,40","0,00%"
"01/06/2020","33,15","37,33","37,33","33,15","-6,91%"
"29/05/2020","35,61","39,80","39,80","35,61","-1,38%"
"28/05/2020","36,11","39,80","39,80","36,11","-4,55%"
"27/05/2020","37,83","39,80","39,80","37,83","-2,55%"
"26/05/2020","38,82","39,80","39,80","38,82","-0,61%"
"25/05/2020","39,06","39,80","39,80","39,06","0,00%"
"22/05/2020","39,06","39,80","39,80","39,06","1,93%"
"21/05/2020","38,32","39,79","39,79","38,32","0,00%"
"20/05/2020","38,32","42,26","42,26","38,32","-7,71%"
"19/05/2020","41,52","44,72","44,72","41,52","-4,02%"
"18/05/2020","43,26","44,72","44,72","43,26","1,19%"
"15/05/2020","42,75","44,71","44,71","42,75","0,00%"
"14/05/2020","42,75","42,25","42,75","42,25","2,96%"
"13/05/2020","41,52","42,25","42,25","41,52","0,00%"
"12/05/2020","41,52","42,25","42,25","41,52","-0,02%"
"11/05/2020","41,53","42,25","42,25","41,53","-0,60%"
"08/05/2020","41,78","42,25","42,25","41,78","0,07%"
"07/05/2020","41,75","42,25","42,25","41,75","-0,02%"
"06/05/2020","41,76","42,25","42,25","41,76","-6,54%"
"05/05/2020","44,68","44,68","44,68","44,68","3,35%"
"04/05/2020","43,23","44,68","44,68","43,23","-0,02%"
"01/05/2020","43,24","44,72","44,72","43,24","0,00%"
"30/04/2020","43,24","44,72","44,72","43,24","0,00%"
"29/04/2020","43,24","44,70","44,70","43,24","0,05%"
"28/04/2020","43,22","44,70","44,70","43,22","-0,02%"
"27/04/2020","43,23","44,70","44,70","43,23","-2,22%"
"24/04/2020","44,21","42,23","44,21","42,23","1,73%"
"23/04/2020","43,46","47,14","47,14","43,46","-7,33%"
"22/04/2020","46,90","44,68","46,90","44,68","6,13%"
"21/04/2020","44,19","44,68","44,68","42,72","3,44%"
"20/04/2020","42,72","44,68","44,68","42,72","0,00%"
"17/04/2020","42,72","39,77","42,72","39,77","4,81%"
"16/04/2020","40,76","39,77","40,76","39,77","0,05%"
"15/04/2020","40,74","39,75","40,74","39,75","3,74%"
"14/04/2020","39,27","39,75","39,75","39,27","-0,03%"
"13/04/2020","39,28","39,76","39,76","39,28","0,00%"
"10/04/2020","39,28","37,30","39,28","37,30","0,03%"
"09/04/2020","39,27","39,75","39,75","39,27","-1,23%"
"08/04/2020","39,76","39,75","39,76","39,75","-1,24%"
"07/04/2020","40,26","39,75","40,26","39,75","0,02%"
"06/04/2020","40,25","39,76","40,25","39,76","-2,38%"
"03/04/2020","41,23","39,75","41,23","39,75","3,72%"
"02/04/2020","39,75","37,30","39,75","37,30","-0,03%"
"01/04/2020","39,76","39,75","39,76","39,75","0,03%"
"31/03/2020","39,75","37,30","39,75","37,30","-0,03%"
"30/03/2020","39,76","37,30","39,76","37,30","3,19%"
"27/03/2020","38,53","37,30","38,53","37,30","0,00%"
"26/03/2020","38,53","42,20","42,20","38,53","-7,65%"
"25/03/2020","41,72","42,20","42,20","41,72","-6,12%"
"24/03/2020","44,44","44,67","44,67","44,44","-3,64%"
"23/03/2020","46,12","51,39","51,39","46,12","-0,97%"
"20/03/2020","46,57","51,39","51,39","46,57","2,64%"
"19/03/2020","45,37","52,01","52,01","45,37","-14,83%"
"18/03/2020","53,27","49,58","53,27","49,58","9,41%"
"17/03/2020","48,69","44,72","48,69","44,72","6,66%"
"16/03/2020","45,65","34,83","45,65","34,83","27,34%"
"13/03/2020","35,85","34,85","35,85","34,85","1,41%"
"12/03/2020","35,35","29,92","35,35","29,92","12,54%"
"11/03/2020","31,41","29,93","31,41","29,93","-0,03%"
"10/03/2020","31,42","31,42","31,42","31,42","39,46%"
"09/03/2020","22,53","22,53","22,53","22,53","0,04%"
"06/03/2020","22,52","22,53","22,53","22,52","22,99%"
"05/03/2020","18,31","17,56","18,31","17,56","2,87%"
"04/03/2020","17,80","17,57","17,80","17,57","-0,17%"
"03/03/2020","17,83","17,56","17,83","17,56","0,17%"
"02/03/2020","17,80","17,57","17,80","17,57","-0,11%"
"28/02/2020","17,82","17,56","17,82","17,56","4,52%"
"27/02/2020","17,05","17,56","17,56","17,05","1,49%"
"26/02/2020","16,80","17,55","17,55","16,80","1,45%"
"25/02/2020","16,56","17,54","17,54","16,56","-1,49%"
"24/02/2020","16,81","17,56","17,56","16,81","0,00%"
"21/02/2020","16,81","17,55","17,55","16,81","0,00%"
"20/02/2020","16,81","17,55","17,55","16,81","0,06%"
"19/02/2020","16,80","17,55","17,55","16,80","-0,06%"
"18/02/2020","16,81","17,56","17,56","16,81","-1,41%"
"17/02/2020","17,05","17,55","17,55","17,05","0,00%"
"14/02/2020","17,05","17,55","17,55","17,05","-1,45%"
"13/02/2020","17,30","17,55","17,55","17,30","0,06%"
"12/02/2020","17,29","17,54","17,54","17,29","-1,43%"
"11/02/2020","17,54","17,55","17,55","17,54","-1,46%"
"10/02/2020","17,80","17,55","17,80","17,55","0,00%"
"07/02/2020","17,80","17,80","17,80","17,80","0,00%"
"06/02/2020","17,80","17,55","17,80","17,55","0,06%"
"05/02/2020","17,79","17,55","17,79","17,55","-1,39%"
"04/02/2020","18,04","17,55","18,04","17,55","0,00%"
"03/02/2020","18,04","17,55","18,04","17,55","-0,11%"
"31/01/2020","18,06","17,56","18,06","17,56","0,06%"
"30/01/2020","18,05","17,56","18,05","17,56","0,00%"
"29/01/2020","18,05","17,55","18,05","17,55","0,00%"
"28/01/2020","18,05","17,56","18,05","17,56","-1,42%"
"27/01/2020","18,31","17,57","18,31","17,57","0,05%"
"24/01/2020","18,30","17,56","18,30","17,56","0,00%"
"23/01/2020","18,30","17,56","18,30","17,56","0,00%"
"22/01/2020","18,30","17,55","18,30","17,55","0,00%"
"21/01/2020","18,30","17,56","18,30","17,56","0,00%"
"20/01/2020","18,30","17,56","18,30","17,56","0,00%"
"17/01/2020","18,30","17,56","18,30","17,56","0,00%"
"16/01/2020","18,30","17,56","18,30","17,56","0,00%"
"15/01/2020","18,30","17,56","18,30","17,56","0,00%"
"14/01/2020","18,30","17,56","18,30","17,56","0,00%"
"13/01/2020","18,30","17,56","18,30","17,56","0,00%"
"10/01/2020","18,30","17,56","18,30","17,56","0,00%"
"09/01/2020","18,30","17,56","18,30","17,56","-0,33%"
"08/01/2020","18,36","17,57","18,36","17,57","-0,05%"
"07/01/2020","18,37","17,56","18,37","17,56","-0,33%"
"06/01/2020","18,43","17,56","18,43","17,56","0,00%"
"03/01/2020","18,43","17,56","18,43","17,56","0,00%"
"02/01/2020","18,43","17,56","18,43","17,56","0,00%"
"01/01/2020","18,43","17,56","18,43","17,56","0,05%"
"31/12/2019","18,42","17,56","18,42","17,56","-0,05%"
"30/12/2019","18,43","17,56","18,43","17,56","0,66%"
"27/12/2019","18,31","17,56","18,31","17,56","0,05%"
"26/12/2019","18,30","17,56","18,30","17,56","0,00%"
"25/12/2019","18,30","17,56","18,30","17,56","-0,05%"
"24/12/2019","18,31","17,56","18,31","17,56","0,05%"
"23/12/2019","18,30","17,56","18,30","17,56","0,00%"
"20/12/2019","18,30","17,56","18,30","17,56","1,33%"
"19/12/2019","18,06","17,56","18,06","17,56","0,00%"
"18/12/2019","18,06","17,56","18,06","17,56","0,00%"
"17/12/2019","18,06","17,56","18,06","17,56","0,06%"
"16/12/2019","18,05","17,56","18,05","17,56","-0,06%"
"13/12/2019","18,06","17,56","18,06","17,56","0,06%"
"12/12/2019","18,05","17,56","18,05","17,56","1,35%"
"11/12/2019","17,81","17,56","17,81","17,56","0,00%"
"10/12/2019","17,81","17,56","17,81","17,56","0,00%"
"09/12/2019","17,81","17,81","17,81","17,81","0,00%"
"06/12/2019","17,81","17,56","17,81","17,56","0,00%"
"05/12/2019","17,81","17,56","17,81","17,56","-0,67%"
"04/12/2019","17,93","17,56","17,93","17,56","-0,06%"
"03/12/2019","17,94","17,56","17,94","17,56","0,06%"
"02/12/2019","17,93","17,56","17,93","17,56","0,67%"
"29/11/2019","17,81","17,56","17,81","17,56","0,00%"
"28/11/2019","17,81","17,57","17,81","17,57","0,00%"
"27/11/2019","17,81","17,81","17,81","17,81","0,00%"
"26/11/2019","17,81","17,56","17,81","17,56","0,00%"
"25/11/2019","17,81","17,56","17,81","17,56","0,00%"
"22/11/2019","17,81","17,56","17,81","17,56","-1,38%"
"21/11/2019","18,06","17,57","18,06","17,57","0,00%"
"20/11/2019","18,06","17,57","18,06","17,57","0,00%"
"19/11/2019","18,06","20,04","20,04","18,06","-7,62%"
"18/11/2019","19,55","20,05","20,05","19,55","0,00%"
"15/11/2019","19,55","20,04","20,04","19,55","0,00%"
"14/11/2019","19,55","20,05","20,05","19,55","0,31%"
"13/11/2019","19,49","20,04","20,04","19,49","0,00%"
"12/11/2019","19,49","20,05","20,05","19,49","0,00%"
"11/11/2019","19,49","20,05","20,05","19,49","0,00%"
"08/11/2019","19,49","20,05","20,05","19,49","0,05%"
"07/11/2019","19,48","20,05","20,05","19,48","-0,36%"
"06/11/2019","19,55","20,05","20,05","19,55","0,05%"
"05/11/2019","19,54","20,04","20,04","19,54","0,00%"
"04/11/2019","19,54","20,04","20,04","19,54","0,00%"
"01/11/2019","19,54","20,04","20,04","19,54","-0,05%"
"31/10/2019","19,55","20,05","20,05","19,55","-1,26%"
"30/10/2019","19,80","20,05","20,05","19,80","0,00%"
"29/10/2019","19,80","20,05","20,05","19,80","0,00%"
"28/10/2019","19,80","20,05","20,05","19,80","0,00%"
"25/10/2019","19,80","20,05","20,05","19,80","0,00%"
"24/10/2019","19,80","20,05","20,05","19,80","0,00%"
"23/10/2019","19,80","20,05","20,05","19,80","-0,65%"
"22/10/2019","19,93","20,05","20,05","19,93","0,05%"
"21/10/2019","19,92","20,04","20,04","19,92","0,00%"
"18/10/2019","19,92","20,05","20,05","19,92","0,00%"
"17/10/2019","19,92","20,05","20,05","19,92","-0,05%"
"16/10/2019","19,93","20,05","20,05","19,93","0,05%"
"15/10/2019","19,92","20,05","20,05","19,92","0,00%"
"14/10/2019","19,92","20,05","20,05","19,92","-0,60%"
"11/10/2019","20,04","20,05","20,05","20,04","-2,43%"
"10/10/2019","20,54","20,05","20,54","20,05","0,00%"
"09/10/2019","20,54","20,05","20,54","20,05","0,00%"
"08/10/2019","20,54","20,05","20,54","20,05","0,00%"
"07/10/2019","20,54","20,05","20,54","20,05","0,00%"
"04/10/2019","20,54","20,05","20,54","20,05","-0,05%"
"03/10/2019","20,55","20,05","20,55","20,05","2,49%"
"02/10/2019","20,05","20,05","20,05","20,05","-2,39%"
"01/10/2019","20,54","20,05","20,54","20,05","0,00%"
"30/09/2019","20,54","20,04","20,54","20,04","0,00%"
"27/09/2019","20,54","20,05","20,54","20,05","-0,05%"
"26/09/2019","20,55","20,05","20,55","20,05","-1,11%"
"25/09/2019","20,78","20,05","20,78","20,05","-0,10%"
"24/09/2019","20,80","20,05","20,80","20,05","0,05%"
"23/09/2019","20,79","22,53","22,53","20,79","-5,63%"
"20/09/2019","22,03","22,53","22,53","22,03","9,88%"
"19/09/2019","20,05","20,04","20,05","20,04","2,56%"
"18/09/2019","19,55","20,04","20,04","19,55","0,00%"
"17/09/2019","19,55","20,05","20,05","19,55","-0,05%"
"16/09/2019","19,56","20,05","20,05","19,56","-2,44%"
"13/09/2019","20,05","21,04","21,04","20,05","0,00%"
"12/09/2019","20,05","21,03","21,03","20,05","-2,39%"
"11/09/2019","20,54","21,04","21,04","20,54","-1,20%"
"10/09/2019","20,79","21,04","21,04","20,79","-1,14%"
"09/09/2019","21,03","21,04","21,04","21,03","-1,17%"
"06/09/2019","21,28","21,03","21,28","21,03","0,00%"
"05/09/2019","21,28","22,03","22,03","21,28","-2,30%"
"04/09/2019","21,78","22,03","22,03","21,78","0,00%"
"03/09/2019","21,78","22,03","22,03","21,78","0,00%"
"02/09/2019","21,78","22,03","22,03","21,78","0,00%"
"30/08/2019","21,78","22,03","22,03","21,78","0,05%"
"29/08/2019","21,77","22,03","22,03","21,77","-0,05%"
"28/08/2019","21,78","22,03","22,03","21,78","0,00%"
"27/08/2019","21,78","22,03","22,03","21,78","0,05%"
"26/08/2019","21,77","22,03","22,03","21,77","-0,05%"
"23/08/2019","21,78","22,02","22,02","21,78","-1,09%"
"22/08/2019","22,02","23,02","23,02","22,02","-2,22%"
"21/08/2019","22,52","23,01","23,01","22,52","-2,17%"
"20/08/2019","23,02","24,00","24,00","23,02","0,04%"
"19/08/2019","23,01","24,00","24,00","23,01","-3,16%"
"16/08/2019","23,76","24,00","24,00","23,76","0,00%"
"15/08/2019","23,76","24,01","24,01","23,76","0,00%"
"14/08/2019","23,76","24,01","24,01","23,76","0,00%"
"13/08/2019","23,76","24,01","24,01","23,76","0,00%"
"12/08/2019","23,76","22,03","23,76","22,03","7,90%"
"09/08/2019","22,02","22,03","22,03","22,02","1,10%"
"08/08/2019","21,78","21,78","21,78","21,78","2,35%"
"07/08/2019","21,28","20,05","21,28","20,05","4,88%"
"06/08/2019","20,29","20,05","20,29","20,05","1,20%"
"05/08/2019","20,05","20,05","20,05","20,05","0,05%"
"02/08/2019","20,04","20,05","20,05","20,04","-0,05%"
"01/08/2019","20,05","20,04","20,05","20,04","0,05%"
"31/07/2019","20,04","20,04","20,04","20,04","0,00%"
"30/07/2019","20,04","20,05","20,05","20,04","1,21%"
"29/07/2019","19,80","20,05","20,05","19,80","0,05%"
"26/07/2019","19,79","20,05","20,05","19,79","0,00%"
"25/07/2019","19,79","20,05","20,05","19,79","-1,25%"
"24/07/2019","20,04","22,03","22,03","20,04","-6,92%"
"23/07/2019","21,53","22,03","22,03","21,53","-2,27%"
"22/07/2019","22,03","22,03","22,03","22,03","0,05%"
"19/07/2019","22,02","22,03","22,03","22,02","-1,12%"
"18/07/2019","22,27","22,03","22,27","22,03","0,00%"
"17/07/2019","22,27","22,03","22,27","22,03","0,00%"
"16/07/2019","22,27","22,03","22,27","22,03","0,00%"
"15/07/2019","22,27","22,03","22,27","22,03","0,00%"
"12/07/2019","22,27","22,02","22,27","22,02","0,00%"
"11/07/2019","22,27","23,02","23,02","22,27","-2,20%"
"10/07/2019","22,77","23,02","23,02","22,77","0,00%"
"09/07/2019","22,77","23,02","23,02","22,77","0,04%"
"08/07/2019","22,76","23,02","23,02","22,76","0,00%"
"05/07/2019","22,76","23,02","23,02","22,76","-3,19%"
"04/07/2019","23,51","23,02","23,51","23,02","0,00%"
"03/07/2019","23,51","25,00","25,00","23,51","-5,01%"
"02/07/2019","24,75","25,24","25,24","24,75","0,00%"
"01/07/2019","24,75","25,24","25,24","24,75","0,00%"
"28/06/2019","24,75","25,24","25,24","24,75","-1,94%"
"27/06/2019","25,24","25,98","25,98","25,24","0,00%"
"26/06/2019","25,24","25,99","25,99","25,24","0,00%"
"25/06/2019","25,24","25,98","25,98","25,24","-0,98%"
"24/06/2019","25,49","25,98","25,98","25,49","0,00%"
"21/06/2019","25,49","25,99","25,99","25,49","0,00%"
"20/06/2019","25,49","25,98","25,98","25,49","-1,89%"
"19/06/2019","25,98","26,97","26,97","25,98","0,00%"
"18/06/2019","25,98","26,97","26,97","25,98","-1,89%"
"17/06/2019","26,48","28,95","28,95","26,48","-1,85%"
"14/06/2019","26,98","28,95","28,95","26,98","-3,51%"
"13/06/2019","27,96","29,94","29,94","27,96","-3,42%"
"12/06/2019","28,95","29,94","29,94","28,95","0,00%"
"11/06/2019","28,95","29,94","29,94","28,95","0,00%"
"10/06/2019","28,95","29,94","29,94","28,95","-0,86%"
"07/06/2019","29,20","29,94","29,94","29,20","-1,68%"
"06/06/2019","29,70","29,94","29,94","29,70","0,03%"
"05/06/2019","29,69","29,94","29,94","29,69","-1,69%"
"04/06/2019","30,20","29,94","30,20","29,94","0,03%"
"03/06/2019","30,19","29,94","30,19","29,94","0,00%"
"31/05/2019","30,19","29,93","30,19","29,93","0,00%"
"30/05/2019","30,19","28,95","30,19","28,95","0,00%"
"29/05/2019","30,19","29,94","30,19","29,94","0,00%"
"28/05/2019","30,19","28,95","30,19","28,95","2,51%"
"27/05/2019","29,45","28,95","29,45","28,95","0,00%"
"24/05/2019","29,45","28,95","29,45","28,95","0,03%"
"23/05/2019","29,44","27,96","29,44","27,96","2,58%"
"22/05/2019","28,70","27,96","28,70","27,96","-0,03%"
"21/05/2019","28,71","27,96","28,71","27,96","0,00%"
"20/05/2019","28,71","27,96","28,71","27,96","0,88%"
"17/05/2019","28,46","28,46","28,46","28,46","0,00%"
"16/05/2019","28,46","28,95","28,95","28,95","-0,84%"
"15/05/2019","28,70","27,96","28,70","27,96","0,84%"
"14/05/2019","28,46","27,96","28,46","27,96","0,04%"
"13/05/2019","28,45","27,96","28,45","27,96","0,85%"
"10/05/2019","28,21","27,96","28,21","27,96","0,00%"
"09/05/2019","28,21","27,96","28,21","27,96","0,89%"
"08/05/2019","27,96","27,96","27,96","27,96","0,90%"
"07/05/2019","27,71","27,96","27,96","27,71","0,87%"
"06/05/2019","27,47","27,96","27,96","27,47","0,00%"
"03/05/2019","27,47","27,96","27,96","27,47","-0,87%"
"02/05/2019","27,71","27,96","27,96","27,71","-1,77%"
"01/05/2019","28,21","27,96","28,21","27,96","0,00%"
"30/04/2019","28,21","27,96","28,21","27,96","1,47%"
"29/04/2019","27,80","28,95","28,95","27,80","-2,73%"
"26/04/2019","28,58","28,95","28,95","28,58","0,00%"
"25/04/2019","28,58","27,96","28,58","27,96","1,35%"
"24/04/2019","28,20","27,96","28,20","27,96","1,08%"
"23/04/2019","27,90","27,96","27,96","27,90","0,36%"
"22/04/2019","27,80","27,96","27,96","27,80","0,00%"
"19/04/2019","27,80","27,96","27,96","27,80","0,00%"
"18/04/2019","27,80","27,96","27,96","27,80","0,62%"
"17/04/2019","27,63","27,96","27,96","27,63","-0,50%"
"16/04/2019","27,77","27,96","27,96","27,77","-0,11%"
"15/04/2019","27,80","27,96","27,96","27,80","-0,57%"
"12/04/2019","27,96","27,96","27,96","27,96","0,00%"
"11/04/2019","27,96","28,95","28,95","27,96","-2,03%"
"10/04/2019","28,54","29,94","29,94","28,54","-2,73%"
"09/04/2019","29,34","29,94","29,94","29,34","-0,34%"
"08/04/2019","29,44","29,94","29,94","29,44","1,13%"
"05/04/2019","29,11","29,94","29,94","29,11","-1,12%"
"04/04/2019","29,44","29,94","29,94","29,44","-0,51%"
"03/04/2019","29,59","29,94","29,94","29,59","-0,34%"
"02/04/2019","29,69","30,92","30,92","29,69","-1,66%"
"01/04/2019","30,19","30,93","30,93","30,19","-0,20%"
"29/03/2019","30,25","30,93","30,93","30,25","-0,62%"
"28/03/2019","30,44","30,92","30,92","30,44","0,30%"
"27/03/2019","30,35","30,93","30,93","30,35","0,26%"
"26/03/2019","30,27","32,56","32,56","30,27","-3,14%"
"25/03/2019","31,25","32,56","32,56","31,25","0,03%"
"22/03/2019","31,24","32,56","32,56","31,24","2,39%"
"21/03/2019","30,51","32,56","32,56","30,51","-0,16%"
"20/03/2019","30,56","32,56","32,56","30,56","9,30%"
"19/03/2019","27,96","29,94","29,94","27,96","-2,95%"
"18/03/2019","28,81","29,94","29,94","28,81","-1,54%"
"15/03/2019","29,26","29,94","29,94","29,26","0,83%"
"14/03/2019","29,02","29,94","29,94","29,02","-2,62%"
"13/03/2019","29,80","29,94","29,94","29,80","-0,47%"
"12/03/2019","29,94","29,94","29,94","29,94","-0,03%"
"11/03/2019","29,95","31,92","31,92","29,95","-3,45%"
"08/03/2019","31,02","31,92","31,92","31,02","0,00%"
"07/03/2019","31,02","34,89","34,89","31,02","-0,51%"
"06/03/2019","31,18","31,92","31,92","31,18","-1,02%"
"05/03/2019","31,50","31,92","31,92","31,50","0,03%"
"04/03/2019","31,49","31,92","31,92","31,49","-1,10%"
"01/03/2019","31,84","31,92","31,92","31,84","-0,72%"
"28/02/2019","32,07","34,89","34,89","32,07","-7,02%"
"27/02/2019","34,49","34,89","34,89","34,49","-0,61%"
"26/02/2019","34,70","34,88","34,88","34,70","-0,06%"
"25/02/2019","34,72","34,88","35,13","34,88","-1,17%"
"22/02/2019","35,13","34,88","35,13","34,88","-0,03%"
"21/02/2019","35,14","34,88","35,14","34,88","-0,23%"
"20/02/2019","35,22","34,88","35,22","34,88","-1,57%"
"19/02/2019","35,78","34,88","35,78","34,88","-0,03%"
"18/02/2019","35,79","34,88","35,79","34,88","0,00%"
"15/02/2019","35,79","34,88","35,79","34,88","0,25%"
"14/02/2019","35,70","34,88","35,70","34,88","0,90%"
"13/02/2019","35,38","34,88","35,38","34,88","0,00%"
"12/02/2019","35,38","34,88","35,38","34,88","-1,12%"
"11/02/2019","35,78","34,88","35,78","34,88","-0,25%"
"08/02/2019","35,87","34,87","35,87","34,87","0,25%"
"07/02/2019","35,78","34,87","35,78","34,87","0,45%"
"06/02/2019","35,62","34,87","35,62","34,87","-0,45%"
"05/02/2019","35,78","35,86","35,86","35,78","-2,05%"
"04/02/2019","36,53","35,86","36,53","35,86","0,44%"
"01/02/2019","36,37","35,86","36,37","35,86","0,72%"
"31/01/2019","36,11","36,85","36,85","36,11","-1,79%"
"30/01/2019","36,77","36,85","36,85","36,77","0,03%"
"29/01/2019","36,76","38,81","38,81","36,76","-0,11%"
"28/01/2019","36,80","36,85","36,85","36,80","-0,38%"
"25/01/2019","36,94","36,85","36,94","36,85","0,24%"
"24/01/2019","36,85","38,82","38,82","36,85","-3,66%"
"23/01/2019","38,25","38,82","38,82","38,25","0,26%"
"22/01/2019","38,15","38,81","38,81","38,15","0,63%"
"21/01/2019","37,91","38,81","38,81","37,91","-0,66%"
"18/01/2019","38,16","38,82","38,82","38,16","-0,63%"
"17/01/2019","38,40","38,81","38,81","38,40","0,52%"
"16/01/2019","38,20","38,82","38,82","38,20","-2,08%"
"15/01/2019","39,01","38,82","39,01","38,82","-0,31%"
"14/01/2019","39,13","39,81","39,81","39,13","-0,58%"
"11/01/2019","39,36","39,80","39,80","39,36","-0,93%"
"10/01/2019","39,73","39,80","39,80","39,73","0,05%"
"09/01/2019","39,71","39,81","39,81","39,71","-0,15%"
"08/01/2019","39,77","39,80","39,80","39,77","0,10%"
"07/01/2019","39,73","39,81","39,81","39,73","1,35%"
"04/01/2019","39,20","39,81","39,81","39,20","-0,86%"
"03/01/2019","39,54","38,81","39,54","38,81","1,20%"
"02/01/2019","39,07","36,65","39,07","36,65","4,44%"
"01/01/2019","37,41","36,65","37,41","36,65","0,00%"
"31/12/2018","37,41","36,65","37,41","36,65","0,03%"
"28/12/2018","37,40","36,65","37,40","36,65","0,00%"
"27/12/2018","37,40","36,64","37,40","36,64","-0,03%"
"26/12/2018","37,41","36,64","37,41","36,64","0,00%"
"25/12/2018","37,41","36,65","37,41","36,65","0,03%"
"24/12/2018","37,40","32,90","37,40","32,90","0,00%"
"21/12/2018","37,40","32,90","37,40","32,90","1,27%"
"20/12/2018","36,93","32,89","36,93","32,89","0,54%"
"19/12/2018","36,73","32,90","36,73","32,90","-0,57%"
"18/12/2018","36,94","32,90","36,94","32,90","0,44%"
"17/12/2018","36,78","32,90","36,78","32,90","0,16%"
"14/12/2018","36,72","32,89","36,72","32,89","0,60%"
"13/12/2018","36,50","32,90","36,50","32,90","-0,84%"
"12/12/2018","36,81","32,90","36,81","32,90","3,34%"
"11/12/2018","35,62","32,89","35,62","32,89","0,96%"
"10/12/2018","35,28","32,89","35,28","32,89","1,94%"
"07/12/2018","34,61","32,90","34,61","32,90","0,32%"
"06/12/2018","34,50","32,89","34,50","32,89","2,56%"
"05/12/2018","33,64","32,90","33,64","32,90","1,51%"
"04/12/2018","33,14","32,90","33,14","32,90","-0,03%"
"03/12/2018","33,15","32,89","32,89","32,89","0,03%"
"30/11/2018","33,14","32,89","33,14","32,89","0,00%"
"29/11/2018","33,14","32,89","33,14","32,89","0,00%"
"28/11/2018","33,14","32,89","33,14","32,89","0,00%"
"27/11/2018","33,14","32,89","33,14","32,89","1,35%"
"26/11/2018","32,70","34,86","34,86","32,70","-3,11%"
"23/11/2018","33,75","34,87","34,87","33,75","-0,38%"
"22/11/2018","33,88","34,86","34,86","33,88","0,36%"
"21/11/2018","33,76","34,87","34,87","33,76","-0,50%"
"20/11/2018","33,93","31,41","33,93","30,92","8,02%"
"19/11/2018","31,41","31,41","31,41","31,41","1,19%"
"16/11/2018","31,04","30,92","31,04","30,92","0,39%"
"15/11/2018","30,92","29,93","30,92","29,93","1,95%"
"14/11/2018","30,33","29,93","30,33","29,93","0,93%"
"13/11/2018","30,05","29,93","30,05","29,93","0,40%"
"12/11/2018","29,93","29,93","29,93","29,93","0,67%"
"09/11/2018","29,73","29,93","29,93","29,73","-0,03%"
"08/11/2018","29,74","29,93","29,93","29,74","0,85%"
"07/11/2018","29,49","29,93","29,93","29,49","-0,87%"
"06/11/2018","29,75","29,93","29,93","29,75","1,05%"
"05/11/2018","29,44","29,93","29,93","29,44","-0,27%"
"02/11/2018","29,52","29,93","29,93","29,52","-0,81%"
"01/11/2018","29,76","29,93","29,93","29,76","0,27%"
"31/10/2018","29,68","29,93","29,93","29,68","-0,84%"
"30/10/2018","29,93","29,93","29,93","29,93","1,49%"
"29/10/2018","29,49","29,93","29,93","29,49","-0,47%"
"26/10/2018","29,63","29,92","29,92","29,63","-0,03%"
"25/10/2018","29,64","29,93","29,93","29,64","0,03%"
"24/10/2018","29,63","29,93","29,93","29,63","-0,57%"
"23/10/2018","29,80","29,93","29,93","29,80","0,40%"
"22/10/2018","29,68","29,93","29,93","29,68","-0,84%"
"19/10/2018","29,93","29,93","29,93","29,93","0,81%"
"18/10/2018","29,69","27,96","29,69","27,96","4,80%"
"17/10/2018","28,33","27,96","28,33","27,96","0,00%"
"16/10/2018","28,33","27,96","28,33","27,96","-1,29%"
"15/10/2018","28,70","27,96","28,70","27,96","0,00%"
"12/10/2018","28,70","27,96","28,70","27,96","0,88%"
"11/10/2018","28,45","27,96","28,45","27,96","-0,87%"
"10/10/2018","28,70","27,96","28,70","27,96","0,88%"
"09/10/2018","28,45","27,96","28,45","27,96","-0,04%"
"08/10/2018","28,46","27,96","28,46","27,96","0,89%"
"05/10/2018","28,21","27,96","28,21","27,96","0,00%"
"04/10/2018","28,21","27,96","28,21","27,96","1,77%"
"03/10/2018","27,72","25,00","27,72","25,00","8,75%"
"02/10/2018","25,49","25,00","25,49","25,00","0,00%"
"01/10/2018","25,49","25,00","25,49","25,00","0,00%"
"28/09/2018","25,49","25,00","25,49","25,00","2,00%"
"27/09/2018","24,99","25,00","25,00","24,99","0,97%"
"26/09/2018","24,75","25,00","25,00","24,75","-0,96%"
"25/09/2018","24,99","25,00","25,00","24,99","0,00%"
"24/09/2018","24,99","25,00","25,00","24,99","0,00%"
"21/09/2018","24,99","25,00","25,00","24,99","0,00%"
"20/09/2018","24,99","27,47","27,47","24,99","2,00%"
"19/09/2018","24,50","25,00","25,00","24,50","0,00%"
"18/09/2018","24,50","25,00","25,00","24,50","0,00%"
"17/09/2018","24,50","25,00","25,00","24,50","0,00%"
"14/09/2018","24,50","26,97","26,97","24,50","-3,88%"
"13/09/2018","25,49","26,97","26,97","25,49","0,00%"
"12/09/2018","25,49","26,97","26,97","25,49","0,00%"
"11/09/2018","25,49","26,97","26,97","25,49","0,00%"
"10/09/2018","25,49","26,97","26,97","25,49","-1,92%"
"07/09/2018","25,99","26,97","26,97","25,99","0,04%"
"06/09/2018","25,98","26,97","26,97","25,98","0,00%"
"05/09/2018","25,98","26,97","26,97","25,98","0,00%"
"04/09/2018","25,98","26,97","26,97","25,98","0,00%"
"03/09/2018","25,98","26,97","26,97","25,98","0,00%"
"31/08/2018","25,98","26,97","26,97","25,98","-1,89%"
"30/08/2018","26,48","26,97","26,97","26,48","0,00%"
"29/08/2018","26,48","26,97","26,97","26,48","0,00%"
"28/08/2018","26,48","26,97","26,97","26,48","0,00%"
"27/08/2018","26,48","26,97","26,97","26,48","0,00%"
"24/08/2018","26,48","26,97","26,97","26,48","0,00%"
"23/08/2018","26,48","26,97","26,97","26,48","0,00%"
"22/08/2018","26,48","26,97","26,97","26,48","0,00%"
"21/08/2018","26,48","26,97","26,97","26,48","-1,82%"
"20/08/2018","26,97","26,97","26,97","26,97","0,00%"
"17/08/2018","26,97","26,97","26,97","26,97","0,00%"
"16/08/2018","26,97","26,97","26,97","26,97","0,00%"
"15/08/2018","26,97","26,97","26,97","26,97","0,00%"
"14/08/2018","26,97","26,97","26,97","26,97","0,00%"
"13/08/2018","26,97","26,97","26,97","26,97","0,00%"
"10/08/2018","26,97","25,98","26,97","25,98","3,81%"
"09/08/2018","25,98","25,98","25,98","25,98","0,00%"
"08/08/2018","25,98","25,98","25,98","25,98","0,00%"
"07/08/2018","25,98","25,98","25,98","25,98","0,00%"
"06/08/2018","25,98","25,98","25,98","25,98","0,00%"
"03/08/2018","25,98","25,98","25,98","25,98","1,92%"
"02/08/2018","25,49","25,98","25,98","25,49","-1,89%"
"01/08/2018","25,98","25,98","25,98","25,98","0,00%"
"31/07/2018","25,98","25,98","25,98","25,98","0,00%"
"30/07/2018","25,98","25,98","25,98","25,98","0,00%"
"27/07/2018","25,98","25,98","25,98","25,98","0,00%"
"26/07/2018","25,98","25,98","25,98","25,98","0,00%"
"25/07/2018","25,98","25,98","25,98","25,98","0,00%"
"24/07/2018","25,98","25,98","25,98","25,98","0,00%"
"23/07/2018","25,98","25,98","25,98","25,98","0,00%"
"20/07/2018","25,98","25,98","25,98","25,98","0,00%"
"19/07/2018","25,98","25,98","25,98","25,98","0,00%"
"18/07/2018","25,98","25,98","25,98","25,98","0,00%"
"17/07/2018","25,98","25,98","25,98","25,98","0,00%"
"16/07/2018","25,98","25,98","25,98","25,98","0,00%"
"13/07/2018","25,98","25,98","25,98","25,98","-0,95%"
"12/07/2018","26,23","25,98","26,23","25,98","0,00%"
"11/07/2018","26,23","25,98","26,23","25,98","0,00%"
"10/07/2018","26,23","27,96","27,96","26,23","-3,64%"
"09/07/2018","27,22","27,96","27,96","27,22","0,00%"
"06/07/2018","27,22","27,96","27,96","27,22","0,00%"
"05/07/2018","27,22","27,96","27,96","27,22","0,00%"
"04/07/2018","27,22","27,96","27,96","27,22","-1,77%"
"03/07/2018","27,71","22,03","27,71","22,03","0,00%"
"02/07/2018","27,71","27,96","27,96","27,71","0,00%"
"29/06/2018","27,71","27,96","27,96","27,71","0,00%"
"28/06/2018","27,71","27,96","27,96","27,71","0,00%"
"27/06/2018","27,71","27,96","27,96","27,71","0,00%"
"26/06/2018","27,71","27,96","27,96","27,71","2,74%"
"25/06/2018","26,97","26,48","26,97","26,48","2,82%"
"22/06/2018","26,23","26,48","26,48","26,23","0,00%"
"21/06/2018","26,23","26,48","26,48","26,23","0,00%"
"20/06/2018","26,23","26,48","26,48","26,23","0,00%"
"19/06/2018","26,23","26,97","26,97","26,23","-0,94%"
"18/06/2018","26,48","26,97","26,97","26,48","0,00%"
"15/06/2018","26,48","26,97","26,97","26,48","-1,82%"
"14/06/2018","26,97","26,97","26,97","26,97","0,00%"
"13/06/2018","26,97","27,95","27,95","26,97","-4,36%"
"12/06/2018","28,20","28,94","28,94","28,20","-1,71%"
"11/06/2018","28,69","25,00","28,69","25,00","7,37%"
"08/06/2018","26,72","25,00","26,72","25,00","6,92%"
"07/06/2018","24,99","23,02","24,99","23,02","0,00%"
"06/06/2018","24,99","23,02","24,99","23,02","4,08%"
"05/06/2018","24,01","23,02","24,01","23,02","-2,00%"
"04/06/2018","24,50","21,05","24,50","21,05","4,21%"
"01/06/2018","23,51","23,51","23,51","23,51","-9,51%"
"31/05/2018","25,98","25,98","25,98","25,98","-3,67%"
"30/05/2018","26,97","26,97","26,97","26,97","0,00%"
"29/05/2018","26,97","21,05","26,97","21,05","32,86%"
"28/05/2018","20,30","21,05","21,05","20,30","-0,05%"
"25/05/2018","20,31","22,03","22,03","20,31","-2,36%"
"24/05/2018","20,80","20,06","20,80","20,06","5,00%"
"23/05/2018","19,81","20,06","20,06","19,81","0,00%"
"22/05/2018","19,81","21,05","21,05","19,81","-2,41%"
"21/05/2018","20,30","20,06","20,30","20,06","6,45%"
"18/05/2018","19,07","20,06","20,06","19,07","5,48%"
"17/05/2018","18,08","17,59","18,08","17,59","1,40%"
"16/05/2018","17,83","17,59","17,83","17,59","2,89%"
"15/05/2018","17,33","17,58","17,58","17,33","-0,06%"
"14/05/2018","17,34","17,59","17,59","17,34","0,00%"
"11/05/2018","17,34","17,59","17,59","17,34","0,00%"
"10/05/2018","17,34","17,59","17,59","17,34","0,00%"
"09/05/2018","17,34","17,59","17,59","17,34","-0,06%"
"08/05/2018","17,35","16,61","17,35","16,61","2,97%"
"07/05/2018","16,85","16,61","16,85","16,61","0,00%"
"04/05/2018","16,85","16,61","16,85","16,61","0,00%"
"03/05/2018","16,85","16,35","16,85","16,35","0,00%"
"02/05/2018","16,85","16,61","16,85","16,61","0,00%"
"01/05/2018","16,85","16,60","16,85","16,60","0,00%"
"30/04/2018","16,85","16,60","16,85","16,60","0,00%"
"27/04/2018","16,85","16,61","16,85","16,61","0,00%"
"26/04/2018","16,85","16,61","16,85","16,61","0,00%"
"25/04/2018","16,85","16,61","16,85","16,61","0,00%"
"24/04/2018","16,85","16,61","16,85","16,61","0,00%"
"23/04/2018","16,85","16,61","16,85","16,61","0,00%"
"20/04/2018","16,85","16,61","16,85","16,61","0,00%"
"19/04/2018","16,85","16,61","16,85","16,61","0,00%"
"18/04/2018","16,85","16,61","16,85","16,61","0,00%"
"17/04/2018","16,85","16,61","16,85","16,61","0,00%"
"16/04/2018","16,85","16,61","16,85","16,61","-1,46%"
"13/04/2018","17,10","16,61","17,10","16,61","0,00%"
"12/04/2018","17,10","16,61","17,10","16,61","0,00%"
"11/04/2018","17,10","16,61","17,10","16,61","0,00%"
"10/04/2018","17,10","16,60","17,10","16,60","0,00%"
"09/04/2018","17,10","16,61","17,10","16,61","0,00%"
"06/04/2018","17,10","16,61","17,10","16,61","0,00%"
"05/04/2018","17,10","16,60","17,10","16,60","0,00%"
"04/04/2018","17,10","16,61","17,10","16,61","0,06%"
"03/04/2018","17,09","16,60","17,09","16,60","0,00%"
"02/04/2018","17,09","16,60","17,09","16,60","0,00%"
"30/03/2018","17,09","17,09","17,09","17,09","-0,06%"
"29/03/2018","17,10","16,61","17,10","16,61","0,06%"
"28/03/2018","17,09","16,61","17,09","16,61","-0,06%"
"27/03/2018","17,10","16,61","17,10","16,61","0,00%"
"26/03/2018","17,10","16,61","17,10","16,61","0,00%"
"23/03/2018","17,10","16,10","17,10","16,10","0,00%"
"22/03/2018","17,10","16,10","17,10","16,10","0,00%"
"21/03/2018","17,10","16,10","17,10","16,10","1,48%"
"20/03/2018","16,85","16,10","16,85","16,10","3,06%"
"19/03/2018","16,35","16,10","16,35","16,10","-1,45%"
"16/03/2018","16,59","16,10","16,59","16,10","-0,06%"
"15/03/2018","16,60","16,10","16,60","16,10","0,00%"
"14/03/2018","16,60","16,10","16,60","16,10","0,00%"
"13/03/2018","16,60","16,10","16,60","16,10","0,06%"
"12/03/2018","16,59","16,10","16,59","16,10","0,00%"
"09/03/2018","16,59","16,10","16,59","16,10","0,00%"
"08/03/2018","16,59","16,10","16,59","16,10","-1,48%"
"07/03/2018","16,84","16,10","16,84","16,10","0,00%"
"06/03/2018","16,84","16,10","16,84","16,10","0,00%"
"05/03/2018","16,84","16,10","16,84","16,10","0,06%"
"02/03/2018","16,83","16,10","16,83","16,10","-0,06%"
"01/03/2018","16,84","16,10","16,84","16,10","0,00%"
"28/02/2018","16,84","16,10","16,84","16,10","1,57%"
"27/02/2018","16,58","16,10","16,58","16,10","-0,06%"
"26/02/2018","16,59","16,10","16,59","16,10","-0,06%"
"23/02/2018","16,60","16,10","16,60","16,10","1,53%"
"22/02/2018","16,35","16,10","16,35","16,10","1,55%"
"21/02/2018","16,10","16,10","16,10","16,10","0,00%"
"20/02/2018","16,10","16,09","16,10","16,09","0,00%"
"19/02/2018","16,10","16,10","16,10","16,10","0,00%"
"16/02/2018","16,10","16,10","16,10","16,10","0,00%"
"15/02/2018","16,10","16,10","16,10","16,10","0,06%"
"14/02/2018","16,09","16,10","16,10","16,09","-0,06%"
"13/02/2018","16,10","16,10","16,10","16,10","0,06%"
"12/02/2018","16,09","16,09","16,09","16,09","0,00%"
"09/02/2018","16,09","16,10","16,10","16,09","0,00%"
"08/02/2018","16,09","16,10","16,10","16,09","0,00%"
"07/02/2018","16,09","16,09","16,09","16,09","-2,90%"
"06/02/2018","16,57","16,11","16,57","16,11","1,47%"
"05/02/2018","16,33","16,09","16,33","16,09","1,55%"
"02/02/2018","16,08","16,09","16,09","16,08","0,00%"
"01/02/2018","16,08","16,08","16,08","16,08","0,00%"
"31/01/2018","16,08","17,08","17,08","16,08","-5,80%"
"30/01/2018","17,07","17,07","17,07","17,07","0,00%"
"29/01/2018","17,07","17,07","17,07","17,07","0,06%"
"26/01/2018","17,06","17,06","17,06","17,06","-2,85%"
"25/01/2018","17,56","17,56","17,56","17,56","5,97%"
"24/01/2018","16,57","16,57","16,57","16,57","1,53%"
"23/01/2018","16,32","16,57","16,57","16,32","-2,97%"
"22/01/2018","16,82","16,82","16,82","16,82","0,00%"
"19/01/2018","16,82","16,58","16,82","16,58","3,00%"
"18/01/2018","16,33","16,58","16,58","16,33","0,06%"
"17/01/2018","16,32","16,58","16,58","16,32","0,00%"
"16/01/2018","16,32","16,58","16,58","16,32","-2,97%"
"15/01/2018","16,82","16,58","16,82","16,58","0,00%"
"12/01/2018","16,82","16,58","16,82","16,58","0,00%"
"11/01/2018","16,82","16,58","16,82","16,58","0,00%"
"10/01/2018","16,82","16,57","16,82","16,57","0,00%"
"09/01/2018","16,82","16,58","16,82","16,58","0,00%"
"08/01/2018","16,82","16,57","16,82","16,57","0,00%"
"05/01/2018","16,82","17,07","17,07","16,82","-1,41%"
"04/01/2018","17,06","17,07","17,07","17,06","-0,06%"
"03/01/2018","17,07","17,07","17,07","17,07","0,06%"
"02/01/2018","17,06","17,07","17,07","17,06","-0,06%"
"01/01/2018","17,07","17,07","17,07","17,07","0,00%"