"Date","Dernier","Ouv."," Plus Haut","Plus Bas","Vol.","Variation %"
"21/02/2024","16,60","16,64","16,75","16,53","348,79K","-1,03%"
"20/02/2024","16,77","16,64","16,82","16,64","15,35K","0,06%"
"16/02/2024","16,76","16,54","16,81","16,54","6,01K","-0,18%"
"15/02/2024","16,79","16,68","16,88","16,68","7,76K","0,60%"
"14/02/2024","16,69","16,73","16,73","16,45","9,04K","-0,65%"
"13/02/2024","16,80","16,67","16,95","16,67","3,19K","-1,98%"
"12/02/2024","17,14","17,23","17,29","17,10","2,34K","-0,46%"
"09/02/2024","17,22","17,48","17,48","17,12","4,64K","-0,12%"
"08/02/2024","17,24","17,25","17,30","17,11","13,09K","-0,06%"
"07/02/2024","17,25","17,60","17,86","17,25","7,19K","-3,04%"
"06/02/2024","17,79","17,34","17,79","17,28","2,47K","4,66%"
"05/02/2024","17,00","17,12","17,18","16,81","3,46K","-1,90%"
"02/02/2024","17,33","17,78","17,86","17,14","9,53K","-2,69%"
"01/02/2024","17,81","17,27","17,94","17,27","9,12K","4,45%"
"31/01/2024","17,05","17,29","17,52","17,05","7,11K","-2,37%"
"30/01/2024","17,46","17,72","17,72","17,41","3,62K","-1,42%"
"29/01/2024","17,71","17,33","17,75","17,27","2,59K","2,27%"
"26/01/2024","17,32","17,37","17,40","17,28","2,23K","1,29%"
"25/01/2024","17,10","16,75","17,19","16,75","9,11K","0,63%"
"24/01/2024","16,99","17,31","17,38","16,83","2,20K","-1,58%"
"23/01/2024","17,26","17,19","17,35","17,16","7,77K","0,45%"
"22/01/2024","17,19","16,87","17,26","16,87","7,47K","1,34%"
"19/01/2024","16,96","16,71","16,96","16,55","2,51K","1,41%"
"18/01/2024","16,72","17,13","17,13","16,72","2,03K","-1,99%"
"17/01/2024","17,06","17,05","17,22","17,05","1,31K","-1,72%"
"16/01/2024","17,36","17,20","17,60","17,07","4,68K","2,70%"
"12/01/2024","16,91","16,77","17,00","16,76","5,08K","0,45%"
"11/01/2024","16,83","16,83","16,83","16,69","2,31K","-0,08%"
"10/01/2024","16,85","17,22","17,22","16,73","2,72K","-0,72%"
"09/01/2024","16,97","17,27","17,27","16,95","3,53K","-3,07%"
"08/01/2024","17,51","17,13","17,59","17,13","4,31K","2,25%"
"05/01/2024","17,12","17,04","17,12","16,96","6,66K","0,71%"
"04/01/2024","17,00","16,94","17,06","16,94","1,24K","0,30%"
"03/01/2024","16,95","16,94","17,13","16,80","2,17K","-1,52%"
"02/01/2024","17,21","17,25","17,30","17,00","6,03K","1,95%"
"29/12/2023","16,88","17,15","17,44","16,88","3,43K","-2,09%"
"28/12/2023","17,24","17,00","17,50","17,00","14,23K","0,65%"
"27/12/2023","17,13","17,05","17,42","17,05","4,61K","-0,81%"
"26/12/2023","17,27","17,00","17,35","16,90","4,90K","0,12%"
"22/12/2023","17,25","17,01","17,45","17,01","5,09K","1,11%"
"21/12/2023","17,06","17,04","17,16","16,97","3,04K","0,30%"
"20/12/2023","17,01","17,26","17,50","16,94","3,05K","-1,71%"
"19/12/2023","17,31","17,05","17,42","17,05","13,88K","2,38%"
"18/12/2023","16,90","16,88","17,06","16,88","5,85K","-1,89%"
"15/12/2023","17,23","17,36","17,37","17,23","3,59K","-1,08%"
"14/12/2023","17,42","16,95","17,67","16,95","6,59K","2,63%"
"13/12/2023","16,97","16,42","16,97","16,27","3,53K","2,29%"
"12/12/2023","16,59","17,08","17,13","16,59","2,34K","-3,34%"
"11/12/2023","17,16","17,06","17,30","17,06","4,18K","-1,77%"
"08/12/2023","17,47","16,87","17,50","16,87","4,08K","1,23%"
"07/12/2023","17,26","17,11","17,29","17,09","3,53K","0,64%"
"06/12/2023","17,15","17,12","17,37","17,10","4,14K","0,63%"
"05/12/2023","17,04","17,33","17,33","16,91","6,28K","-3,22%"
"04/12/2023","17,61","16,56","17,61","16,56","9,52K","3,62%"
"01/12/2023","17,00","16,37","17,00","16,37","2,56K","3,38%"
"30/11/2023","16,44","16,75","16,75","16,26","11,17K","-0,25%"
"29/11/2023","16,48","16,25","16,53","16,25","3,31K","1,78%"
"28/11/2023","16,19","16,22","16,27","16,19","2,16K","-0,29%"
"27/11/2023","16,24","16,39","16,39","16,24","0,84K","-2,20%"
"24/11/2023","16,60","16,43","16,60","16,43","0,57K","2,00%"
"22/11/2023","16,28","16,23","16,28","16,23","2,87K","1,24%"
"21/11/2023","16,08","16,32","16,32","16,05","1,13K","-1,96%"
"20/11/2023","16,40","16,23","16,49","16,23","7,19K","1,89%"
"17/11/2023","16,10","15,74","16,10","15,74","1,55K","1,34%"
"16/11/2023","15,88","16,14","16,14","15,88","1,45K","-2,92%"
"15/11/2023","16,36","15,97","16,65","15,97","2,07K","0,81%"
"14/11/2023","16,23","15,91","16,23","15,89","9,21K","4,92%"
"13/11/2023","15,47","15,55","15,61","15,43","4,65K","-1,15%"
"10/11/2023","15,65","15,41","15,65","15,28","5,29K","1,72%"
"09/11/2023","15,38","16,00","16,08","15,38","4,37K","-3,91%"
"08/11/2023","16,01","16,54","16,54","16,01","2,92K","-1,82%"
"07/11/2023","16,31","16,34","16,53","16,31","5,33K","-0,91%"
"06/11/2023","16,45","16,95","16,95","16,45","9,66K","-1,10%"
"03/11/2023","16,64","15,73","16,71","15,73","6,20K","3,43%"
"02/11/2023","16,09","15,93","16,18","15,93","10,16K","4,25%"
"01/11/2023","15,43","15,47","15,48","15,38","1,91K","0,39%"
"31/10/2023","15,37","14,90","15,37","14,90","2,25K","1,68%"
"30/10/2023","15,12","15,20","15,25","14,91","12,85K","-0,44%"
"27/10/2023","15,18","15,39","15,39","15,18","9,62K","-1,59%"
"26/10/2023","15,43","15,73","15,74","15,27","12,45K","-1,87%"
"25/10/2023","15,72","15,93","15,93","15,72","1,51K","-3,41%"
"24/10/2023","16,27","15,91","16,29","15,91","1,27K","4,46%"
"23/10/2023","15,58","15,61","15,90","15,58","10,29K","-1,51%"
"20/10/2023","15,82","16,01","16,08","15,79","16,19K","-1,32%"
"19/10/2023","16,03","16,60","16,60","16,03","7,96K","-2,81%"
"18/10/2023","16,49","17,18","17,18","16,49","6,16K","-4,37%"
"17/10/2023","17,25","17,18","17,41","17,18","5,51K","0,22%"
"16/10/2023","17,21","17,04","17,22","17,04","1,78K","2,32%"
"13/10/2023","16,82","16,73","17,07","16,73","8,23K","0,26%"
"12/10/2023","16,78","17,08","17,49","16,75","11,63K","-2,91%"
"11/10/2023","17,28","17,82","17,82","17,14","3,73K","2,86%"
"10/10/2023","16,80","16,84","17,57","16,66","12,54K","-0,70%"
"09/10/2023","16,92","17,19","17,19","16,73","1,80K","-2,24%"
"06/10/2023","17,31","16,85","17,44","16,85","6,33K","-0,08%"
"05/10/2023","17,32","17,19","17,35","17,19","2,25K","-1,69%"
"04/10/2023","17,62","17,02","17,62","17,02","2,53K","1,99%"
"03/10/2023","17,27","17,70","17,70","17,20","3,09K","-2,55%"
"02/10/2023","17,73","18,44","18,44","17,65","6,20K","-4,29%"
"29/09/2023","18,52","18,82","18,82","18,48","4,17K","-0,05%"
"28/09/2023","18,53","18,55","18,69","18,31","7,72K","-2,14%"
"27/09/2023","18,93","19,45","19,75","18,60","14,90K","-1,21%"
"26/09/2023","19,17","19,77","20,00","19,09","3,69K","-2,31%"
"25/09/2023","19,62","19,07","20,00","18,76","6,15K","1,95%"
"22/09/2023","19,25","19,40","19,49","19,19","2,84K","-0,48%"
"21/09/2023","19,34","19,94","19,94","19,34","4,31K","-5,16%"
"20/09/2023","20,39","20,54","20,54","20,39","1,76K","-1,20%"
"19/09/2023","20,64","20,69","20,80","20,64","1,98K","-2,27%"
"18/09/2023","21,12","21,86","21,86","21,12","2,03K","-3,18%"
"15/09/2023","21,81","22,25","22,99","20,89","23,72K","2,54%"
"14/09/2023","21,27","20,97","21,57","20,97","3,30K","2,73%"
"13/09/2023","20,71","20,29","21,30","20,24","7,07K","-1,54%"
"12/09/2023","21,03","22,65","23,22","20,88","27,64K","-4,23%"
"11/09/2023","21,96","20,25","21,99","20,25","14,83K","8,57%"
"08/09/2023","20,23","19,77","20,24","19,77","2,80K","2,12%"
"07/09/2023","19,81","19,30","19,91","19,30","2,10K","-0,66%"
"06/09/2023","19,94","21,00","21,00","19,52","4,73K","-0,50%"
"05/09/2023","20,04","19,11","20,18","18,56","5,76K","3,63%"
"01/09/2023","19,34","20,92","20,92","19,34","4,34K","-1,74%"
"31/08/2023","19,68","19,38","20,19","18,60","11,73K","6,60%"
"30/08/2023","18,46","17,35","18,46","17,35","7,77K","6,46%"
"29/08/2023","17,34","17,14","17,44","17,14","5,79K","2,97%"
"28/08/2023","16,84","16,70","16,84","16,70","1,40K","1,02%"
"25/08/2023","16,67","16,29","16,68","16,29","1,84K","-2,50%"
"23/08/2023","17,10","16,60","17,15","16,60","1,73K","0,56%"
"22/08/2023","17,00","17,00","17,00","17,00","0,38K","-0,91%"
"21/08/2023","17,16","17,40","17,40","17,16","2,00K","-1,42%"
"18/08/2023","17,40","16,90","17,50","16,90","1,66K","0,24%"
"17/08/2023","17,36","17,25","17,47","17,25","3,71K","1,52%"
"16/08/2023","17,10","16,72","17,32","16,72","3,68K","-1,46%"
"15/08/2023","17,36","17,61","17,61","17,36","1,17K","-0,88%"
"14/08/2023","17,51","17,29","17,57","17,21","3,06K","0,11%"
"11/08/2023","17,49","16,91","17,55","16,91","3,68K","-0,06%"
"10/08/2023","17,50","16,95","17,60","16,95","12,51K","0,40%"
"09/08/2023","17,43","17,98","17,98","17,00","10,47K","-4,34%"
"08/08/2023","18,22","18,20","18,40","17,70","2,37K","0,05%"
"07/08/2023","18,21","18,70","18,70","17,91","1,17K","-0,49%"
"04/08/2023","18,30","18,70","18,80","18,20","1,52K","-1,08%"
"03/08/2023","18,50","18,10","18,80","18,10","0,65K","2,21%"
"02/08/2023","18,10","18,80","18,80","18,10","2,14K","-5,73%"
"01/08/2023","19,20","19,00","19,42","18,80","1,96K","1,00%"
"31/07/2023","19,01","18,30","19,30","18,30","4,42K","3,88%"
"28/07/2023","18,30","17,40","18,60","17,40","2,37K","1,67%"
"27/07/2023","18,00","18,00","18,40","17,80","0,86K","0,00%"
"26/07/2023","18,00","17,80","18,30","17,70","1,94K","0,28%"
"25/07/2023","17,95","17,70","18,20","17,70","1,99K","0,79%"
"24/07/2023","17,81","17,50","18,00","17,30","2,87K","1,19%"
"21/07/2023","17,60","18,10","18,10","17,59","1,35K","-1,68%"
"20/07/2023","17,90","18,10","18,10","17,60","1,27K","0,00%"
"19/07/2023","17,90","17,70","18,08","17,70","2,24K","0,79%"
"18/07/2023","17,76","17,50","18,00","17,50","1,35K","1,49%"
"17/07/2023","17,50","17,70","17,87","17,50","1,50K","-2,23%"
"14/07/2023","17,90","18,20","18,21","17,50","3,21K","-1,65%"
"13/07/2023","18,20","18,20","18,50","18,00","3,03K","0,55%"
"12/07/2023","18,10","18,50","18,50","18,00","3,23K","-1,63%"
"11/07/2023","18,40","17,90","18,40","17,80","2,21K","3,95%"
"10/07/2023","17,70","17,90","17,90","17,50","1,77K","-1,39%"
"07/07/2023","17,95","17,10","18,00","17,00","2,75K","3,76%"
"06/07/2023","17,30","17,80","17,80","16,90","2,13K","-3,89%"
"05/07/2023","18,00","17,90","18,00","17,60","2,02K","0,56%"
"03/07/2023","17,90","17,40","17,90","17,20","2,21K","4,68%"
"30/06/2023","17,10","17,40","17,48","17,00","1,26K","-1,16%"
"29/06/2023","17,30","17,00","17,37","16,90","1,91K","1,29%"
"28/06/2023","17,08","17,00","17,10","16,70","6,82K","-0,12%"
"27/06/2023","17,10","16,80","17,20","16,80","2,36K","1,18%"
"26/06/2023","16,90","17,00","17,40","16,90","5,18K","0,00%"
"23/06/2023","16,90","17,20","17,59","16,90","4,34K","-4,47%"
"22/06/2023","17,69","17,50","17,90","17,50","1,58K","-1,01%"
"21/06/2023","17,87","17,70","18,00","17,00","2,47K","0,39%"
"20/06/2023","17,80","18,10","18,20","17,70","2,03K","-2,52%"
"16/06/2023","18,26","18,40","18,40","18,00","3,21K","0,33%"
"15/06/2023","18,20","18,40","18,40","17,80","2,11K","0,55%"
"14/06/2023","18,10","18,20","18,20","17,70","1,75K","0,00%"
"13/06/2023","18,10","17,90","18,10","17,80","3,45K","2,26%"
"12/06/2023","17,70","17,30","18,00","17,30","2,45K","2,73%"
"09/06/2023","17,23","17,40","17,60","17,20","1,83K","-1,54%"
"08/06/2023","17,50","17,90","17,90","17,30","1,40K","-0,51%"
"07/06/2023","17,59","17,50","17,70","17,30","2,04K","1,15%"
"06/06/2023","17,39","16,90","17,70","16,90","4,44K","1,87%"
"05/06/2023","17,07","17,00","17,45","16,97","1,16K","-0,76%"
"02/06/2023","17,20","16,90","17,60","16,90","4,21K","1,18%"
"01/06/2023","17,00","17,20","17,40","17,00","1,90K","-1,11%"
"31/05/2023","17,19","17,90","17,90","16,90","5,27K","-2,05%"
"30/05/2023","17,55","18,00","18,10","17,50","3,23K","-3,04%"
"26/05/2023","18,10","18,50","18,50","18,00","2,37K","-2,69%"
"25/05/2023","18,60","18,80","19,48","18,50","1,20K","-1,59%"
"24/05/2023","18,90","19,30","19,74","18,90","1,61K","-3,62%"
"23/05/2023","19,61","19,30","20,00","19,30","1,49K","0,56%"
"22/05/2023","19,50","18,80","19,80","18,80","2,68K","2,31%"
"19/05/2023","19,06","19,60","19,60","19,06","1,03K","-0,73%"
"18/05/2023","19,20","18,80","19,40","18,80","1,48K","1,05%"
"17/05/2023","19,00","18,70","19,20","18,30","2,66K","1,60%"
"16/05/2023","18,70","19,50","19,50","18,60","1,57K","-1,06%"
"15/05/2023","18,90","18,90","19,30","18,80","2,64K","-0,53%"
"12/05/2023","19,00","19,80","19,80","18,91","1,30K","-2,56%"
"11/05/2023","19,50","19,90","20,20","19,50","1,37K","-3,47%"
"10/05/2023","20,20","20,10","20,59","20,10","2,36K","1,00%"
"09/05/2023","20,00","20,00","20,40","20,00","1,29K","-2,68%"
"08/05/2023","20,55","20,50","20,69","20,30","1,88K","-0,63%"
"05/05/2023","20,68","19,90","20,70","19,90","1,23K","3,40%"
"04/05/2023","20,00","19,80","20,00","19,20","2,34K","3,20%"
"03/05/2023","19,38","19,30","19,90","19,30","1,03K","-0,77%"
"02/05/2023","19,53","19,80","20,00","19,41","1,25K","-1,96%"
"01/05/2023","19,92","20,20","20,31","19,70","1,78K","-1,87%"
"28/04/2023","20,30","21,00","21,00","19,70","3,03K","3,05%"
"27/04/2023","19,70","19,20","20,00","19,20","2,10K","3,96%"
"26/04/2023","18,95","19,00","19,50","18,94","3,56K","-1,81%"
"25/04/2023","19,30","19,90","20,00","19,30","3,07K","-4,22%"
"24/04/2023","20,15","20,10","20,40","19,90","1,38K","-1,23%"
"21/04/2023","20,40","20,00","20,40","20,00","1,34K","0,49%"
"20/04/2023","20,30","21,00","21,00","20,20","3,92K","-1,74%"
"19/04/2023","20,66","21,10","21,10","20,50","1,09K","-0,91%"
"18/04/2023","20,85","20,80","21,20","20,70","0,68K","-0,95%"
"17/04/2023","21,05","20,80","21,05","20,40","2,51K","2,93%"
"14/04/2023","20,45","20,70","20,95","20,40","1,20K","-1,73%"
"13/04/2023","20,81","20,50","21,10","20,50","2,81K","1,51%"
"12/04/2023","20,50","21,40","21,40","20,50","1,09K","-3,76%"
"11/04/2023","21,30","20,60","21,30","20,51","3,75K","1,91%"
"10/04/2023","20,90","20,30","21,10","20,30","2,30K","2,45%"
"06/04/2023","20,40","20,20","20,58","20,20","0,70K","0,64%"
"05/04/2023","20,27","20,50","20,80","20,20","1,60K","-1,79%"
"04/04/2023","20,64","20,90","21,10","20,60","1,27K","-1,95%"
"03/04/2023","21,05","21,70","21,70","21,00","1,34K","-2,09%"
"31/03/2023","21,50","21,30","21,50","20,90","2,22K","2,63%"
"30/03/2023","20,95","21,10","21,20","20,90","3,03K","0,24%"
"29/03/2023","20,90","21,20","21,20","20,78","1,25K","1,01%"
"28/03/2023","20,69","20,70","21,00","20,60","1,46K","-0,53%"
"27/03/2023","20,80","20,60","21,20","20,60","1,36K","0,00%"
"24/03/2023","20,80","20,60","21,20","20,60","1,35K","-0,53%"
"23/03/2023","20,91","21,30","21,60","20,90","1,87K","-1,37%"
"22/03/2023","21,20","21,80","21,90","21,20","0,89K","-3,20%"
"21/03/2023","21,90","21,10","21,90","21,00","3,95K","5,29%"
"20/03/2023","20,80","21,50","21,50","20,80","2,64K","-3,26%"
"17/03/2023","21,50","22,20","22,20","21,50","1,68K","-3,15%"
"16/03/2023","22,20","21,10","22,40","21,10","2,25K","3,26%"
"15/03/2023","21,50","21,60","21,75","21,10","3,27K","-1,83%"
"14/03/2023","21,90","22,20","22,40","21,70","1,98K","-0,45%"
"13/03/2023","22,00","21,20","22,39","21,20","2,66K","0,92%"
"10/03/2023","21,80","22,50","22,60","21,60","3,18K","-3,11%"
"09/03/2023","22,50","23,10","23,30","22,50","3,25K","-2,60%"
"08/03/2023","23,10","23,45","23,60","23,10","1,50K","-1,70%"
"07/03/2023","23,50","23,90","24,10","23,50","1,65K","-1,26%"
"06/03/2023","23,80","24,50","24,80","23,80","3,02K","-3,25%"
"03/03/2023","24,60","24,00","24,70","24,00","1,70K","2,07%"
"02/03/2023","24,10","24,00","24,20","23,90","4,86K","-0,41%"
"01/03/2023","24,20","25,10","25,10","24,08","1,32K","-1,63%"
"28/02/2023","24,60","25,10","25,10","24,40","2,16K","0,41%"
"27/02/2023","24,50","24,60","25,20","24,50","5,68K","0,41%"
"24/02/2023","24,40","24,70","24,90","24,40","3,41K","-2,40%"
"23/02/2023","25,00","25,10","25,20","24,80","1,61K","-0,40%"
"22/02/2023","25,10","25,20","25,40","25,00","3,72K","0,00%"
"21/02/2023","25,10","26,00","26,10","25,00","4,97K","-4,56%"
"17/02/2023","26,30","26,40","26,57","25,80","1,94K","-1,50%"
"16/02/2023","26,70","27,20","27,40","26,50","3,66K","-0,60%"
"15/02/2023","26,86","25,80","26,86","25,80","1,43K","4,11%"
"14/02/2023","25,80","25,50","26,80","25,50","0,69K","0,00%"
"13/02/2023","25,80","25,60","26,00","25,60","1,86K","0,78%"
"10/02/2023","25,60","26,30","26,80","25,60","2,91K","-3,76%"
"09/02/2023","26,60","28,20","28,20","26,20","4,24K","-3,97%"
"08/02/2023","27,70","27,90","29,20","27,60","4,62K","-2,81%"
"07/02/2023","28,50","29,20","29,20","28,00","2,49K","-1,38%"
"06/02/2023","28,90","29,20","29,80","28,10","4,61K","0,00%"
"03/02/2023","28,90","28,60","30,30","28,20","4,44K","-3,34%"
"02/02/2023","29,90","29,40","30,57","29,01","7,16K","2,75%"
"01/02/2023","29,10","28,20","29,50","28,10","2,09K","2,83%"
"31/01/2023","28,30","27,40","28,70","27,20","3,74K","2,91%"
"30/01/2023","27,50","28,00","28,00","27,21","2,65K","-1,79%"
"27/01/2023","28,00","27,50","28,00","26,80","2,11K","3,32%"
"26/01/2023","27,10","28,00","28,00","26,50","1,79K","-1,09%"
"25/01/2023","27,40","27,00","27,90","26,90","2,97K","-0,72%"
"24/01/2023","27,60","27,80","28,00","27,50","1,72K","-1,08%"
"23/01/2023","27,90","27,20","28,30","27,20","2,14K","2,57%"
"20/01/2023","27,20","26,60","27,56","26,14","2,69K","2,26%"
"19/01/2023","26,60","27,50","27,50","26,20","3,19K","-3,27%"
"18/01/2023","27,50","28,40","29,09","27,50","1,49K","-2,14%"
"17/01/2023","28,10","27,90","28,70","27,90","1,48K","1,08%"
"13/01/2023","27,80","27,90","28,10","27,20","5,65K","2,21%"
"12/01/2023","27,20","26,80","27,50","26,70","2,24K","0,74%"
"11/01/2023","27,00","27,30","27,30","26,30","1,63K","2,66%"
"10/01/2023","26,30","26,20","27,30","26,11","2,57K","0,00%"
"09/01/2023","26,30","26,40","27,10","26,30","3,19K","0,77%"
"06/01/2023","26,10","26,00","26,60","25,57","2,22K","1,16%"
"05/01/2023","25,80","26,30","26,50","25,80","2,47K","-3,37%"
"04/01/2023","26,70","26,60","27,00","25,70","8,03K","3,09%"
"03/01/2023","25,90","26,80","27,00","25,40","6,08K","0,00%"
"30/12/2022","25,90","25,00","26,39","24,80","7,64K","2,37%"
"29/12/2022","25,30","24,50","26,00","24,50","6,09K","3,27%"
"28/12/2022","24,50","24,60","26,00","24,40","7,85K","-1,21%"
"27/12/2022","24,80","25,40","25,99","24,80","6,80K","-3,50%"
"23/12/2022","25,70","26,30","26,40","25,30","3,65K","-2,28%"
"22/12/2022","26,30","26,30","27,10","25,60","2,53K","-1,50%"
"21/12/2022","26,70","26,50","27,20","26,20","4,99K","2,69%"
"20/12/2022","26,00","25,90","27,10","25,90","3,36K","-0,38%"
"19/12/2022","26,10","27,90","28,00","26,00","3,87K","-6,45%"
"16/12/2022","27,90","27,00","28,70","26,90","7,71K","1,45%"
"15/12/2022","27,50","28,50","29,50","27,10","6,27K","-3,51%"
"14/12/2022","28,50","29,00","29,50","28,50","3,67K","-2,06%"
"13/12/2022","29,10","30,40","30,84","29,00","3,01K","-1,36%"
"12/12/2022","29,50","29,40","29,89","29,10","2,59K","1,37%"
"09/12/2022","29,10","29,90","30,28","29,08","4,98K","-1,69%"
"08/12/2022","29,60","30,10","30,20","29,00","4,53K","1,37%"
"07/12/2022","29,20","30,70","31,30","29,00","5,53K","-6,41%"
"06/12/2022","31,20","34,30","34,30","30,70","4,16K","-7,69%"
"05/12/2022","33,80","34,10","35,80","33,60","6,04K","-2,03%"
"02/12/2022","34,50","32,50","34,90","32,50","5,26K","4,55%"
"01/12/2022","33,00","31,60","33,30","31,60","4,90K","3,77%"
"30/11/2022","31,80","30,80","32,00","30,50","2,20K","3,92%"
"29/11/2022","30,60","31,00","31,15","30,31","1,89K","0,99%"
"28/11/2022","30,30","31,30","31,70","30,30","2,79K","-4,72%"
"25/11/2022","31,80","31,20","31,92","31,20","1,71K","1,60%"
"23/11/2022","31,30","30,80","31,85","30,80","3,60K","1,26%"
"22/11/2022","30,91","31,80","31,80","30,90","3,05K","-2,49%"
"21/11/2022","31,70","32,00","32,00","31,10","2,69K","-0,94%"
"18/11/2022","32,00","33,00","33,00","31,40","2,67K","0,31%"
"17/11/2022","31,90","32,00","32,46","31,60","3,57K","-2,45%"
"16/11/2022","32,70","33,70","33,70","32,10","1,80K","-2,68%"
"15/11/2022","33,60","33,90","34,17","33,00","6,99K","3,38%"
"14/11/2022","32,50","33,00","34,10","32,20","4,71K","-1,81%"
"11/11/2022","33,10","31,00","33,80","31,00","8,27K","5,75%"
"10/11/2022","31,30","30,50","31,60","29,80","6,12K","8,68%"
"09/11/2022","28,80","30,00","30,62","28,80","3,92K","-4,95%"
"08/11/2022","30,30","30,60","31,10","29,99","3,06K","1,00%"
"07/11/2022","30,00","30,50","30,70","29,91","2,74K","-1,64%"
"04/11/2022","30,50","32,30","33,50","29,67","4,06K","-0,33%"
"03/11/2022","30,60","29,20","31,20","29,20","4,20K","1,32%"
"02/11/2022","30,20","31,70","32,12","30,00","3,01K","-5,33%"
"01/11/2022","31,90","32,80","33,26","31,50","6,84K","-0,62%"
"31/10/2022","32,10","30,30","32,70","30,20","4,67K","5,25%"
"28/10/2022","30,50","30,70","30,80","29,80","1,97K","-0,33%"
"27/10/2022","30,60","31,40","31,60","30,20","2,37K","-1,61%"
"26/10/2022","31,10","30,80","31,90","30,40","4,39K","1,30%"
"25/10/2022","30,70","30,00","30,90","28,34","4,81K","10,04%"
"24/10/2022","27,90","29,10","29,35","27,70","3,55K","-2,45%"
"21/10/2022","28,60","28,20","28,80","27,90","1,96K","1,42%"
"20/10/2022","28,20","28,90","29,30","27,51","24,90K","-1,05%"
"19/10/2022","28,50","29,50","29,70","28,30","3,64K","-4,04%"
"18/10/2022","29,70","31,20","31,34","29,50","3,19K","-1,00%"
"17/10/2022","30,00","29,70","31,10","29,47","2,94K","2,39%"
"14/10/2022","29,30","29,90","30,20","28,90","10,95K","0,34%"
"13/10/2022","29,20","28,00","29,70","26,90","2,47K","2,82%"
"12/10/2022","28,40","27,50","29,10","27,50","1,90K","3,27%"
"11/10/2022","27,50","28,80","31,20","26,80","9,60K","-5,17%"
"10/10/2022","29,00","32,50","32,50","28,70","6,98K","-4,29%"
"07/10/2022","30,30","35,90","36,00","30,10","24,65K","-10,36%"
"06/10/2022","33,80","30,10","35,90","29,20","15,20K","13,04%"
"05/10/2022","29,90","30,00","30,70","29,30","1,68K","-2,29%"
"04/10/2022","30,60","29,70","31,50","29,70","4,18K","6,62%"
"03/10/2022","28,70","28,30","30,00","27,70","2,74K","3,61%"
"30/09/2022","27,70","28,10","29,90","27,70","3,57K","-1,77%"
"29/09/2022","28,20","29,20","29,45","27,87","4,01K","-5,05%"
"28/09/2022","29,70","28,60","30,40","28,60","6,31K","2,77%"
"27/09/2022","28,90","28,80","31,20","28,17","5,67K","3,21%"
"26/09/2022","28,00","29,40","31,20","28,00","3,77K","-4,44%"
"23/09/2022","29,30","28,90","30,20","28,40","3,94K","-1,01%"
"22/09/2022","29,60","31,10","31,12","29,60","5,41K","-4,82%"
"21/09/2022","31,10","31,20","32,60","31,00","6,73K","0,00%"
"20/09/2022","31,10","32,90","33,30","31,00","4,44K","-4,89%"
"19/09/2022","32,70","32,60","33,90","32,10","1,89K","0,31%"
"16/09/2022","32,60","34,00","36,90","32,60","3,62K","-4,12%"
"15/09/2022","34,00","34,40","37,00","34,00","1,64K","-0,87%"
"14/09/2022","34,30","35,50","35,50","34,00","2,43K","-0,58%"
"13/09/2022","34,50","35,30","37,66","34,40","2,49K","-4,43%"
"12/09/2022","36,10","37,20","37,70","35,60","3,09K","-1,01%"
"09/09/2022","36,47","35,90","36,50","34,90","2,63K","4,20%"
"08/09/2022","35,00","34,60","37,10","34,19","1,46K","0,14%"
"07/09/2022","34,95","34,50","35,00","34,00","1,96K","2,79%"
"06/09/2022","34,00","35,50","35,60","33,79","2,26K","-3,95%"
"02/09/2022","35,40","36,20","36,40","34,90","2,68K","0,28%"
"01/09/2022","35,30","36,20","36,90","34,00","7,18K","-4,34%"
"31/08/2022","36,90","37,20","38,40","36,50","1,76K","0,82%"
"30/08/2022","36,60","38,30","38,70","36,50","4,08K","-3,68%"
"29/08/2022","38,00","37,80","39,28","37,14","2,22K","1,33%"
"26/08/2022","37,50","39,40","40,30","37,50","2,48K","-5,30%"
"25/08/2022","39,60","37,80","40,50","37,80","5,52K","3,94%"
"24/08/2022","38,10","37,10","39,50","36,30","3,35K","4,10%"
"23/08/2022","36,60","36,60","39,90","36,30","4,35K","0,27%"
"22/08/2022","36,50","40,60","41,13","36,00","8,03K","-4,45%"
"19/08/2022","38,20","40,00","40,60","38,10","2,97K","-5,45%"
"18/08/2022","40,40","41,80","43,14","40,20","3,34K","-4,49%"
"17/08/2022","42,30","43,40","43,40","41,40","2,76K","-0,94%"
"16/08/2022","42,70","43,20","43,90","41,80","3,82K","-0,47%"
"15/08/2022","42,90","41,60","43,80","40,80","3,85K","3,62%"
"12/08/2022","41,40","40,70","42,45","40,70","3,53K","2,99%"
"11/08/2022","40,20","41,50","42,91","40,20","6,09K","-0,50%"
"10/08/2022","40,40","40,30","41,20","38,10","4,37K","4,94%"
"09/08/2022","38,50","41,50","41,65","38,50","2,52K","-6,73%"
"08/08/2022","41,28","38,70","43,03","38,60","6,66K","7,22%"
"05/08/2022","38,50","38,70","40,20","38,20","1,85K","-2,53%"
"04/08/2022","39,50","41,10","42,29","38,60","2,28K","-1,99%"
"03/08/2022","40,30","41,20","41,20","38,31","3,46K","-2,18%"
"02/08/2022","41,20","38,80","41,20","38,80","4,57K","7,85%"
"01/08/2022","38,20","39,50","39,77","37,50","2,60K","-1,29%"
"29/07/2022","38,70","38,50","38,90","36,50","2,73K","2,93%"
"28/07/2022","37,60","36,80","39,75","36,50","9,33K","0,94%"
"27/07/2022","37,25","36,90","37,77","36,66","3,07K","1,22%"
"26/07/2022","36,80","37,90","38,20","35,90","7,42K","-3,16%"
"25/07/2022","38,00","38,10","39,90","36,60","18,31K","1,06%"
"22/07/2022","37,60","39,80","40,40","36,70","22,19K","-5,29%"
"21/07/2022","39,70","41,60","42,00","39,60","2,92K","-1,98%"
"20/07/2022","40,50","38,90","42,30","38,71","3,67K","5,88%"
"19/07/2022","38,25","38,30","38,80","36,50","9,69K","2,00%"
"18/07/2022","37,50","38,20","39,00","36,60","5,22K","2,74%"
"15/07/2022","36,50","39,20","40,90","36,30","1,50K","-2,41%"
"14/07/2022","37,40","36,90","40,00","35,40","6,62K","-1,58%"
"13/07/2022","38,00","37,00","39,52","36,86","1,52K","2,70%"
"12/07/2022","37,00","37,60","39,60","36,70","1,04K","-0,54%"
"11/07/2022","37,20","39,60","39,80","37,13","1,68K","-4,62%"
"08/07/2022","39,00","40,90","41,40","38,67","1,08K","-2,01%"
"07/07/2022","39,80","39,30","40,00","38,90","1,15K","4,46%"
"06/07/2022","38,10","37,80","40,00","37,14","1,44K","0,26%"
"05/07/2022","38,00","38,20","38,80","36,20","7,45K","-2,06%"
"01/07/2022","38,80","37,70","40,80","36,50","2,11K","5,15%"
"30/06/2022","36,90","37,40","37,40","36,00","2,60K","-3,66%"
"29/06/2022","38,30","40,10","40,10","37,50","19,12K","-3,04%"
"28/06/2022","39,50","40,80","41,50","39,50","3,14K","-2,71%"
"27/06/2022","40,60","41,60","41,60","40,20","3,81K","-1,93%"
"24/06/2022","41,40","42,30","44,90","41,40","4,29K","0,98%"
"23/06/2022","41,00","39,50","41,60","39,50","2,13K","3,54%"
"22/06/2022","39,60","40,20","40,85","39,50","3,43K","-1,98%"
"21/06/2022","40,40","40,40","41,50","40,00","4,49K","2,28%"
"17/06/2022","39,50","38,40","39,91","38,40","3,59K","1,28%"
"16/06/2022","39,00","39,90","40,05","38,30","4,07K","-4,18%"
"15/06/2022","40,70","40,70","41,10","39,50","4,00K","1,75%"
"14/06/2022","40,00","40,70","40,70","39,54","5,85K","-0,50%"
"13/06/2022","40,20","42,30","42,30","39,60","6,44K","-6,07%"
"10/06/2022","42,80","43,60","45,20","42,70","4,41K","-3,60%"
"09/06/2022","44,40","46,70","46,70","44,40","4,80K","-5,53%"
"08/06/2022","47,00","47,00","48,00","46,40","2,10K","0,00%"
"07/06/2022","47,00","46,50","47,58","46,08","1,32K","0,00%"
"06/06/2022","47,00","48,20","48,20","46,10","2,36K","-1,47%"
"03/06/2022","47,70","48,30","48,80","47,70","2,33K","-2,45%"
"02/06/2022","48,90","47,40","49,90","47,40","3,18K","2,95%"
"01/06/2022","47,50","49,50","49,90","47,21","2,30K","-2,66%"
"31/05/2022","48,80","49,20","50,00","48,50","1,79K","0,00%"
"27/05/2022","48,80","49,60","49,60","48,20","3,02K","-1,61%"
"26/05/2022","49,60","47,60","50,00","47,60","2,68K","4,86%"
"25/05/2022","47,30","47,10","48,39","47,10","2,48K","0,42%"
"24/05/2022","47,10","48,90","49,17","47,00","2,18K","-4,66%"
"23/05/2022","49,40","51,10","51,10","49,10","7,28K","-2,37%"
"20/05/2022","50,60","51,20","51,34","48,80","5,46K","0,20%"
"19/05/2022","50,50","50,00","51,34","49,90","2,24K","0,00%"
"18/05/2022","50,50","53,30","53,30","49,90","3,95K","-5,25%"
"17/05/2022","53,30","51,70","53,50","50,70","3,94K","5,34%"
"16/05/2022","50,60","50,90","52,40","50,30","3,87K","-0,59%"
"13/05/2022","50,90","49,50","51,30","48,80","3,16K","5,82%"
"12/05/2022","48,10","45,90","48,70","45,10","4,93K","3,66%"
"11/05/2022","46,40","49,60","50,00","46,40","5,78K","-5,50%"
"10/05/2022","49,10","51,80","52,36","48,45","6,67K","-2,77%"
"09/05/2022","50,50","53,20","54,10","50,50","5,62K","-7,85%"
"06/05/2022","54,80","55,50","55,50","53,20","3,38K","-1,62%"
"05/05/2022","55,70","57,90","58,70","55,20","3,51K","-5,11%"
"04/05/2022","58,70","57,50","59,49","55,80","2,75K","2,26%"
"03/05/2022","57,40","58,10","58,10","57,05","2,85K","0,00%"
"02/05/2022","57,40","57,00","57,50","56,00","3,56K","0,70%"
"29/04/2022","57,00","56,40","59,29","56,20","2,56K","0,35%"
"28/04/2022","56,80","56,80","57,70","54,20","8,35K","1,79%"
"27/04/2022","55,80","56,70","57,80","55,70","3,41K","-2,11%"
"26/04/2022","57,00","59,80","59,80","56,77","2,90K","-4,68%"
"25/04/2022","59,80","58,70","60,00","58,40","6,42K","0,50%"
"22/04/2022","59,50","60,50","61,90","58,96","5,46K","-2,14%"
"21/04/2022","60,80","64,00","64,50","60,60","5,32K","-3,49%"
"20/04/2022","63,00","64,40","64,85","63,00","3,43K","-1,25%"
"19/04/2022","63,80","62,90","65,60","62,50","10,20K","1,27%"
"18/04/2022","63,00","65,70","66,90","63,00","5,27K","-4,98%"
"14/04/2022","66,30","68,20","68,20","65,80","2,46K","-2,36%"
"13/04/2022","67,90","67,20","68,10","65,76","3,50K","2,11%"
"12/04/2022","66,50","67,00","68,70","65,70","3,47K","0,61%"
"11/04/2022","66,10","66,90","67,50","65,60","4,46K","-1,93%"
"08/04/2022","67,40","69,40","69,40","66,80","6,63K","-1,75%"
"07/04/2022","68,60","70,50","71,20","68,00","9,33K","-2,83%"
"06/04/2022","70,60","73,20","73,20","70,00","6,27K","-3,55%"
"05/04/2022","73,20","75,00","75,98","72,51","3,50K","-3,05%"
"04/04/2022","75,50","76,00","76,90","74,10","6,29K","0,13%"
"01/04/2022","75,40","76,90","78,50","74,90","14,19K","-0,40%"
"31/03/2022","75,70","78,60","78,64","75,61","7,06K","-3,69%"
"30/03/2022","78,60","81,20","83,40","77,70","9,43K","-2,96%"
"29/03/2022","81,00","78,90","81,52","77,50","12,67K","5,19%"
"28/03/2022","77,00","82,40","82,60","76,20","18,90K","-6,55%"
"25/03/2022","82,40","85,00","85,00","77,00","32,98K","9,87%"
"24/03/2022","75,00","71,60","76,80","70,10","7,61K","4,75%"
"23/03/2022","71,60","72,50","74,50","71,50","2,76K","-1,10%"
"22/03/2022","72,40","70,50","73,70","70,50","2,88K","3,28%"
"21/03/2022","70,10","71,80","72,50","70,10","2,92K","-1,13%"
"18/03/2022","70,90","68,30","71,50","68,00","3,60K","3,20%"
"17/03/2022","68,70","66,30","69,09","66,30","3,01K","1,93%"
"16/03/2022","67,40","65,90","67,40","64,53","3,38K","5,31%"
"15/03/2022","64,00","64,10","64,50","62,50","1,66K","2,07%"
"14/03/2022","62,70","65,60","65,60","62,50","6,64K","-5,00%"
"11/03/2022","66,00","67,60","67,60","65,00","2,49K","-2,94%"
"10/03/2022","68,00","67,20","69,41","66,10","2,35K","-0,29%"
"09/03/2022","68,20","66,40","68,60","65,63","3,11K","4,76%"
"08/03/2022","65,10","63,30","67,08","62,60","3,87K","2,04%"
"07/03/2022","63,80","66,70","67,40","63,80","6,47K","-4,35%"
"04/03/2022","66,70","67,40","68,00","65,50","2,65K","-1,48%"
"03/03/2022","67,70","70,40","70,50","67,60","2,75K","-3,85%"
"02/03/2022","70,41","71,20","71,60","69,40","1,69K","-0,41%"
"01/03/2022","70,70","72,60","74,40","69,70","3,14K","-2,35%"
"28/02/2022","72,40","69,90","73,00","69,90","2,20K","1,54%"
"25/02/2022","71,30","71,10","71,40","69,25","1,90K","1,86%"
"24/02/2022","70,00","64,30","70,00","62,51","9,33K","3,40%"
"23/02/2022","67,70","69,30","71,30","67,70","2,99K","-1,88%"
"22/02/2022","69,00","70,90","71,80","68,80","5,96K","-4,43%"
"18/02/2022","72,20","74,40","74,90","72,10","2,72K","-3,60%"
"17/02/2022","74,90","78,00","78,10","74,10","5,96K","-4,95%"
"16/02/2022","78,80","79,00","79,90","77,50","2,35K","0,38%"
"15/02/2022","78,50","76,30","78,90","76,30","3,62K","4,25%"
"14/02/2022","75,30","78,40","79,20","75,30","1,98K","-4,44%"
"11/02/2022","78,80","79,80","80,58","77,00","4,05K","-0,51%"
"10/02/2022","79,20","78,10","82,20","76,40","6,64K","0,89%"
"09/02/2022","78,50","74,70","79,50","74,70","8,77K","6,95%"
"08/02/2022","73,40","72,80","74,36","71,80","3,40K","0,00%"
"07/02/2022","73,40","73,80","74,60","72,70","3,22K","0,69%"
"04/02/2022","72,90","72,10","73,30","71,50","2,49K","1,39%"
"03/02/2022","71,90","73,80","74,80","71,20","4,26K","-2,84%"
"02/02/2022","74,00","77,90","77,90","73,90","6,75K","-3,77%"
"01/02/2022","76,90","75,10","77,60","73,80","7,26K","3,36%"
"31/01/2022","74,40","69,80","74,50","69,80","5,41K","8,14%"
"28/01/2022","68,80","67,30","69,80","66,70","6,68K","2,23%"
"27/01/2022","67,30","70,60","71,72","67,30","5,43K","-4,67%"
"26/01/2022","70,60","72,90","74,30","70,10","4,33K","-2,08%"
"25/01/2022","72,10","71,80","73,39","69,60","7,11K","0,70%"
"24/01/2022","71,60","71,50","72,40","66,60","11,74K","-1,31%"
"21/01/2022","72,55","74,30","75,15","71,81","11,83K","-3,28%"
"20/01/2022","75,01","77,10","79,40","75,00","3,33K","-2,84%"
"19/01/2022","77,20","79,40","79,60","76,50","5,02K","-2,03%"
"18/01/2022","78,80","80,70","81,50","78,50","6,01K","-3,48%"
"14/01/2022","81,64","80,00","81,64","79,30","7,61K","0,49%"
"13/01/2022","81,24","84,40","84,40","81,24","3,92K","-3,97%"
"12/01/2022","84,60","85,00","86,00","83,10","4,93K","-0,47%"
"11/01/2022","85,00","82,70","85,90","81,73","3,69K","2,29%"
"10/01/2022","83,10","83,10","83,20","81,00","4,06K","1,47%"
"07/01/2022","81,90","81,00","84,40","81,00","5,12K","0,99%"
"06/01/2022","81,10","82,20","83,60","79,75","3,78K","-1,34%"
"05/01/2022","82,20","86,20","87,60","81,70","4,47K","-4,64%"
"04/01/2022","86,20","88,80","89,40","85,50","3,99K","-2,27%"
"03/01/2022","88,20","85,50","89,00","85,20","4,83K","3,28%"
"31/12/2021","85,40","85,40","87,50","85,10","11,84K","-1,04%"
"30/12/2021","86,30","85,00","88,00","84,90","11,04K","1,77%"
"29/12/2021","84,80","87,10","87,10","84,60","27,13K","-2,64%"
"28/12/2021","87,10","88,90","90,00","87,10","5,78K","-2,79%"
"27/12/2021","89,60","90,00","91,30","89,20","9,11K","-0,44%"
"23/12/2021","90,00","87,60","90,52","87,40","7,15K","2,27%"
"22/12/2021","88,00","87,80","88,70","86,81","6,25K","-1,12%"
"21/12/2021","89,00","87,20","89,05","87,00","4,48K","3,25%"
"20/12/2021","86,20","87,90","87,90","84,20","6,32K","-2,71%"
"17/12/2021","88,60","85,80","90,50","85,00","15,95K","2,31%"
"16/12/2021","86,60","89,20","90,40","86,10","4,94K","-2,37%"
"15/12/2021","88,70","90,00","90,00","85,50","7,70K","-0,22%"
"14/12/2021","88,90","90,20","92,10","88,21","7,79K","-3,58%"
"13/12/2021","92,20","94,50","95,00","90,20","5,80K","-2,43%"
"10/12/2021","94,50","96,40","98,78","93,10","4,93K","-2,07%"
"09/12/2021","96,50","99,30","101,00","96,19","5,27K","-3,98%"
"08/12/2021","100,50","100,10","101,70","97,05","4,99K","1,72%"
"07/12/2021","98,80","97,00","100,20","96,70","4,60K","4,66%"
"06/12/2021","94,40","92,20","96,10","90,20","6,41K","2,39%"
"03/12/2021","92,20","96,10","96,20","91,21","7,45K","-4,36%"
"02/12/2021","96,40","95,60","98,00","93,20","8,55K","1,47%"
"01/12/2021","95,00","102,50","102,50","95,00","9,09K","-5,57%"
"30/11/2021","100,60","103,00","103,68","97,50","9,06K","-2,80%"
"29/11/2021","103,50","107,70","107,70","102,50","6,78K","-2,45%"
"26/11/2021","106,10","105,20","106,50","103,80","4,37K","-2,12%"
"24/11/2021","108,40","105,00","108,90","105,00","4,30K","2,65%"
"23/11/2021","105,60","107,00","109,00","105,00","8,33K","-1,31%"
"22/11/2021","107,00","111,00","111,00","105,20","19,36K","-3,25%"
"19/11/2021","110,60","111,40","113,30","110,10","3,92K","-0,36%"
"18/11/2021","111,00","118,70","118,70","110,60","18,51K","-6,33%"
"17/11/2021","118,50","122,90","123,50","118,50","10,63K","-4,13%"
"16/11/2021","123,60","127,40","127,40","122,40","7,60K","-3,59%"
"15/11/2021","128,20","131,90","132,30","127,60","14,56K","-1,08%"
"12/11/2021","129,60","125,40","129,90","124,70","10,73K","4,94%"
"11/11/2021","123,50","121,50","124,00","120,90","4,72K","2,15%"
"10/11/2021","120,90","126,00","126,00","120,70","4,98K","-4,80%"
"09/11/2021","127,00","129,10","129,10","122,50","11,19K","-1,01%"
"08/11/2021","128,30","120,00","128,80","120,00","15,16K","7,91%"
"05/11/2021","118,90","120,40","120,40","117,50","11,10K","-1,08%"
"04/11/2021","120,20","121,20","122,05","120,00","5,32K","-0,58%"
"03/11/2021","120,90","118,10","121,40","118,10","6,29K","1,51%"
"02/11/2021","119,10","121,00","121,00","118,40","3,83K","-1,81%"
"01/11/2021","121,30","118,20","121,50","118,00","5,38K","2,97%"
"29/10/2021","117,80","119,60","120,00","117,60","3,98K","-1,75%"
"28/10/2021","119,90","118,60","120,00","117,50","3,97K","2,04%"
"27/10/2021","117,50","120,50","121,40","117,50","6,06K","-2,97%"
"26/10/2021","121,10","123,30","123,75","120,60","6,19K","-1,70%"
"25/10/2021","123,20","123,00","124,20","121,60","3,40K","0,00%"
"22/10/2021","123,20","125,60","125,75","122,69","5,27K","-2,45%"
"21/10/2021","126,30","126,10","129,20","125,21","5,00K","0,08%"
"20/10/2021","126,20","126,10","127,60","124,10","3,96K","0,00%"
"19/10/2021","126,20","120,00","126,20","119,80","8,65K","5,34%"
"18/10/2021","119,80","120,20","121,00","119,70","5,72K","-0,99%"
"15/10/2021","121,00","123,80","123,80","120,50","4,31K","-1,31%"
"14/10/2021","122,60","121,70","124,80","121,70","4,52K","1,32%"
"13/10/2021","121,00","121,80","122,55","120,60","2,50K","-0,33%"
"12/10/2021","121,40","121,60","123,50","121,30","2,32K","-0,41%"
"11/10/2021","121,90","123,50","123,95","121,90","3,46K","-1,53%"
"08/10/2021","123,80","124,90","125,30","122,50","3,32K","-0,80%"
"07/10/2021","124,80","121,70","126,40","121,30","4,84K","2,72%"
"06/10/2021","121,50","120,50","122,90","120,50","5,15K","-1,22%"
"05/10/2021","123,00","122,10","125,40","122,09","3,80K","0,82%"
"04/10/2021","122,00","126,30","127,35","122,00","4,78K","-3,86%"
"01/10/2021","126,90","128,90","129,46","125,10","3,60K","-1,17%"
"30/09/2021","128,40","127,30","128,90","125,60","3,39K","0,63%"
"29/09/2021","127,60","131,80","132,50","127,00","4,47K","-2,22%"
"28/09/2021","130,50","133,20","133,33","130,30","3,82K","-3,12%"
"27/09/2021","134,70","131,60","135,50","130,60","5,01K","1,66%"
"24/09/2021","132,50","134,10","134,35","131,00","2,04K","-2,14%"
"23/09/2021","135,40","133,60","136,29","133,60","4,18K","2,73%"
"22/09/2021","131,80","130,30","133,30","130,00","7,94K","1,54%"
"21/09/2021","129,80","129,10","131,90","128,80","5,28K","0,08%"
"20/09/2021","129,70","131,90","132,48","126,60","8,40K","-4,42%"
"17/09/2021","135,70","135,30","135,90","133,30","3,04K","-0,37%"
"16/09/2021","136,20","135,10","136,90","134,60","2,61K","0,74%"
"15/09/2021","135,20","133,50","136,00","132,60","5,59K","1,35%"
"14/09/2021","133,40","138,00","139,30","133,10","4,71K","-3,68%"
"13/09/2021","138,50","140,70","140,70","138,00","4,04K","-1,35%"
"10/09/2021","140,40","141,90","144,68","140,00","3,92K","-0,78%"
"09/09/2021","141,50","142,20","143,98","140,41","2,74K","-0,42%"
"08/09/2021","142,10","146,10","146,10","141,10","5,43K","-2,67%"
"07/09/2021","146,00","146,70","149,95","145,70","8,23K","-0,88%"
"03/09/2021","147,30","147,40","148,45","145,50","3,82K","-0,07%"
"02/09/2021","147,40","145,20","149,80","145,20","3,96K","1,10%"
"01/09/2021","145,80","146,90","148,60","145,10","3,91K","-0,48%"
"31/08/2021","146,50","144,70","148,97","144,70","3,90K","0,69%"
"30/08/2021","145,50","147,20","147,60","145,10","3,20K","-1,22%"
"27/08/2021","147,30","145,80","147,30","144,60","2,61K","0,89%"
"26/08/2021","146,00","147,40","149,50","145,00","2,97K","-0,75%"
"25/08/2021","147,10","147,40","148,10","146,50","2,12K","-0,14%"
"24/08/2021","147,30","145,10","148,30","145,10","3,29K","1,59%"
"23/08/2021","145,00","141,00","145,00","140,84","4,45K","3,50%"
"20/08/2021","140,10","138,30","140,70","137,70","5,65K","0,72%"
"19/08/2021","139,10","142,00","142,00","137,60","6,17K","-2,73%"
"18/08/2021","143,00","142,00","145,00","140,00","5,46K","0,78%"
"17/08/2021","141,90","142,50","144,20","140,20","6,07K","-1,80%"
"16/08/2021","144,50","149,10","149,10","144,00","6,80K","-2,82%"
"13/08/2021","148,70","148,80","149,70","147,60","2,78K","-0,34%"
"12/08/2021","149,20","152,00","152,00","148,00","4,26K","-1,97%"
"11/08/2021","152,20","155,90","156,80","151,01","3,95K","-2,37%"
"10/08/2021","155,90","153,10","156,30","152,50","3,40K","2,50%"
"09/08/2021","152,10","150,70","153,10","149,17","5,96K","901,32%"
"08/08/2021","15,19","15,19","15,19","15,19","","0,00%"
"07/08/2021","15,19","15,19","15,19","15,19","","-90,00%"
"06/08/2021","151,90","151,70","152,00","149,50","3,71K","0,53%"
"05/08/2021","151,10","147,70","153,00","147,38","6,67K","2,03%"
"04/08/2021","148,10","149,70","151,40","147,01","4,08K","-1,53%"
"03/08/2021","150,40","151,90","152,43","148,68","4,51K","-1,25%"
"02/08/2021","152,30","153,70","155,90","151,50","3,19K","-0,59%"
"30/07/2021","153,20","153,00","156,00","151,90","5,92K","-0,78%"
"29/07/2021","154,40","157,10","157,38","153,90","6,88K","-0,58%"
"28/07/2021","155,30","149,20","155,30","149,20","6,19K","6,22%"
"27/07/2021","146,20","149,60","150,00","145,00","6,21K","-3,05%"
"26/07/2021","150,80","148,80","153,00","148,50","6,08K","0,40%"
"23/07/2021","150,20","151,50","152,90","149,09","6,70K","-0,86%"
"22/07/2021","151,50","155,00","155,41","151,00","3,66K","-1,50%"
"21/07/2021","153,80","150,10","154,60","150,00","4,92K","3,50%"
"20/07/2021","148,60","144,80","149,82","144,00","7,01K","2,84%"
"19/07/2021","144,50","143,90","146,20","142,10","13,76K","-2,17%"
"16/07/2021","147,70","153,60","154,50","147,01","12,00K","-3,21%"
"15/07/2021","152,60","155,20","156,85","150,00","9,07K","-1,80%"
"14/07/2021","155,40","165,10","165,10","155,40","7,24K","-4,95%"
"13/07/2021","163,50","163,90","166,88","163,09","5,83K","0,37%"
"12/07/2021","162,90","164,00","164,00","160,30","5,37K","-0,91%"
"09/07/2021","164,40","163,40","164,40","160,80","3,88K","2,30%"
"08/07/2021","160,70","158,60","161,80","156,00","8,85K","-1,35%"
"07/07/2021","162,90","166,40","168,90","160,60","7,17K","-2,10%"
"06/07/2021","166,40","169,50","170,20","166,00","4,67K","873,67%"
"05/07/2021","17,09","17,09","17,09","17,09","","0,00%"
"04/07/2021","17,09","17,09","17,09","17,09","","0,00%"
"03/07/2021","17,09","17,09","17,09","17,09","","-90,00%"
"02/07/2021","170,90","172,40","172,40","169,10","2,96K","-0,29%"
"01/07/2021","171,40","171,10","172,38","169,54","3,36K","-0,06%"
"30/06/2021","171,50","171,30","172,15","169,60","4,89K","-0,06%"
"29/06/2021","171,60","173,60","175,20","170,60","4,16K","-1,32%"
"28/06/2021","173,90","173,40","176,45","172,35","3,85K","0,46%"
"25/06/2021","173,10","175,00","175,00","172,00","3,86K","-0,40%"
"24/06/2021","173,80","171,80","174,19","170,53","6,87K","2,48%"
"23/06/2021","169,60","166,90","171,20","166,90","5,30K","1,25%"
"22/06/2021","167,50","167,40","168,05","164,98","3,19K","0,18%"
"21/06/2021","167,20","166,30","168,38","164,34","3,87K","909,05%"
"20/06/2021","16,57","16,57","16,57","16,57","","0,00%"
"19/06/2021","16,57","16,57","16,57","16,57","","-90,00%"
"18/06/2021","165,70","168,70","169,69","165,10","5,09K","-2,53%"
"17/06/2021","170,00","171,20","172,40","168,83","3,84K","-0,87%"
"16/06/2021","171,50","170,90","172,50","168,50","4,57K","0,53%"
"15/06/2021","170,60","174,20","175,43","170,10","7,61K","-2,74%"
"14/06/2021","175,40","177,60","178,00","174,65","3,70K","-0,79%"
"11/06/2021","176,80","178,30","178,98","175,70","4,77K","-0,62%"
"10/06/2021","177,90","181,00","181,35","175,50","5,94K","-1,71%"
"09/06/2021","181,00","181,80","186,20","180,23","6,21K","0,28%"
"08/06/2021","180,50","181,80","182,55","178,00","6,42K","-0,55%"
"07/06/2021","181,50","176,70","181,50","174,70","7,41K","3,42%"
"04/06/2021","175,50","179,00","180,55","175,36","6,77K","-1,29%"
"03/06/2021","177,80","183,10","183,55","177,70","9,15K","-1,66%"
"02/06/2021","180,80","175,80","180,80","174,00","7,16K","4,21%"
"01/06/2021","173,50","180,50","180,84","173,30","9,44K","-2,80%"
"28/05/2021","178,50","174,20","178,70","172,50","12,17K","3,54%"
"27/05/2021","172,40","171,20","172,50","167,50","6,53K","1,83%"
"26/05/2021","169,30","164,80","170,00","162,50","7,89K","2,67%"
"25/05/2021","164,90","162,10","166,40","160,90","6,32K","1,85%"
"24/05/2021","161,90","162,80","163,23","159,44","3,99K","0,25%"
"21/05/2021","161,50","162,10","163,50","160,40","3,14K","0,37%"
"20/05/2021","160,90","159,30","161,50","157,60","4,86K","1,26%"
"19/05/2021","158,90","159,60","159,60","155,65","11,57K","-1,99%"
"18/05/2021","162,13","160,60","164,00","159,00","11,56K","1,33%"
"17/05/2021","160,00","158,40","161,00","156,44","8,67K","1,46%"
"14/05/2021","157,70","153,90","158,70","152,70","11,46K","4,02%"
"13/05/2021","151,60","158,20","162,00","149,70","17,35K","-3,75%"
"12/05/2021","157,50","163,70","166,47","156,70","13,94K","-4,83%"
"11/05/2021","165,50","159,40","167,00","155,00","18,80K","-1,78%"
"10/05/2021","168,50","177,20","177,20","168,10","11,39K","-4,80%"
"07/05/2021","177,00","172,20","179,50","170,67","7,41K","3,81%"
"06/05/2021","170,50","177,40","177,40","169,10","12,48K","-3,89%"
"05/05/2021","177,40","176,60","177,68","174,29","7,90K","1,31%"
"04/05/2021","175,10","177,10","177,10","171,00","12,25K","-1,90%"
"03/05/2021","178,50","184,60","184,60","178,00","15,97K","-2,62%"
"30/04/2021","183,30","183,40","186,43","181,00","5,39K","-0,81%"
"29/04/2021","184,80","186,50","186,50","179,80","6,65K","-0,38%"
"28/04/2021","185,50","179,10","186,00","178,20","12,19K","3,23%"
"27/04/2021","179,70","182,50","184,40","178,50","17,72K","-1,37%"
"26/04/2021","182,20","180,00","182,50","178,16","11,09K","1,90%"
"23/04/2021","178,80","175,70","180,50","175,02","9,02K","1,42%"
"22/04/2021","176,30","176,20","179,72","173,90","11,29K","0,06%"
"21/04/2021","176,20","168,10","177,00","167,07","13,07K","5,13%"
"20/04/2021","167,60","181,30","181,80","166,70","33,44K","-5,20%"
"19/04/2021","176,80","178,50","182,20","174,25","19,25K","-1,01%"
"16/04/2021","178,60","178,00","179,00","174,50","15,59K","0,34%"
"15/04/2021","178,00","180,40","183,54","176,10","16,65K","-1,22%"
"14/04/2021","180,20","183,50","185,60","180,00","18,05K","-2,91%"
"13/04/2021","185,60","182,50","186,77","181,22","17,14K","0,11%"
"12/04/2021","185,40","194,60","194,75","184,50","18,60K","-5,74%"
"09/04/2021","196,70","193,30","197,40","190,09","14,37K","2,45%"
"08/04/2021","192,00","188,30","193,70","187,16","17,84K","2,67%"
"07/04/2021","187,00","193,30","193,30","186,00","18,11K","-3,66%"
"06/04/2021","194,10","198,00","198,10","193,52","14,11K","-2,02%"
"05/04/2021","198,10","203,00","203,90","195,40","18,28K","-0,70%"
"01/04/2021","199,50","200,40","202,38","198,00","10,94K","1,32%"
"31/03/2021","196,90","195,30","198,50","193,89","17,09K","3,58%"
"30/03/2021","190,10","187,20","191,91","184,10","12,64K","0,64%"
"29/03/2021","188,90","195,00","196,90","188,10","13,81K","-2,07%"
"26/03/2021","192,90","198,30","198,58","188,52","12,56K","-1,78%"
"25/03/2021","196,40","189,70","197,50","188,00","19,67K","1,03%"
"24/03/2021","194,40","200,30","202,40","193,50","17,15K","-2,99%"
"23/03/2021","200,40","208,80","209,71","199,10","23,34K","-4,02%"
"22/03/2021","208,80","213,10","215,00","207,94","18,00K","-0,95%"
"19/03/2021","210,80","207,90","213,40","205,00","16,77K","1,84%"
"18/03/2021","207,00","216,30","217,40","206,00","14,03K","-4,43%"
"17/03/2021","216,60","207,00","217,03","206,00","20,80K","0,88%"
"16/03/2021","214,70","226,30","227,30","211,60","25,47K","-4,28%"
"15/03/2021","224,30","217,20","225,90","216,00","44,33K","4,37%"
"12/03/2021","214,90","204,10","215,90","201,10","24,19K","2,09%"
"11/03/2021","210,50","198,80","210,80","198,17","20,88K","8,39%"
"10/03/2021","194,20","207,50","207,60","190,50","27,79K","-2,46%"
"09/03/2021","199,10","187,60","199,80","187,60","25,34K","8,38%"
"08/03/2021","183,70","186,00","190,00","180,00","18,99K","-0,27%"
"05/03/2021","184,20","189,20","190,00","165,50","37,51K","-0,86%"
"04/03/2021","185,80","197,90","201,50","180,20","42,07K","-7,29%"
"03/03/2021","200,40","213,40","216,56","198,40","21,99K","-4,93%"
"02/03/2021","210,80","212,70","222,35","210,10","32,79K","0,43%"
"01/03/2021","209,90","204,30","211,72","202,50","22,60K","6,17%"
"26/02/2021","197,70","201,60","207,10","195,00","21,82K","-1,98%"
"25/02/2021","201,70","214,70","216,48","200,00","27,87K","-6,88%"
"24/02/2021","216,60","211,40","217,90","208,60","30,09K","3,93%"
"23/02/2021","208,40","206,60","209,00","189,00","68,03K","-5,01%"
"22/02/2021","219,40","223,00","227,31","218,00","34,71K","-4,19%"
"19/02/2021","229,00","220,10","230,80","220,10","31,91K","5,09%"
"18/02/2021","217,90","232,90","236,00","217,50","41,09K","-5,87%"
"17/02/2021","231,50","240,40","240,55","226,59","43,73K","-5,47%"
"16/02/2021","244,90","239,90","246,90","234,30","71,61K","5,70%"
"12/02/2021","231,70","220,50","245,00","214,80","93,02K","1,58%"
"11/02/2021","228,10","290,00","290,00","225,00","236,31K","-22,91%"
"10/02/2021","295,90","308,00","309,94","260,60","239,20K","13,85%"
"09/02/2021","259,90","239,00","260,00","236,60","169,44K","14,49%"
"08/02/2021","227,00","214,00","227,50","213,02","71,56K","8,35%"
"05/02/2021","209,50","214,00","214,79","207,00","43,81K","-0,62%"
"04/02/2021","210,80","208,00","211,00","201,00","52,61K","2,93%"
"03/02/2021","204,80","199,90","208,00","198,20","72,74K","9,40%"
"02/02/2021","187,20","175,00","187,50","174,55","32,09K","9,22%"
"01/02/2021","171,40","169,30","171,90","166,01","12,02K","2,39%"
"29/01/2021","167,40","169,30","174,70","166,10","17,26K","-1,59%"
"28/01/2021","170,10","170,00","175,33","168,00","13,73K","0,47%"
"27/01/2021","169,30","167,90","175,00","165,88","21,23K","-2,48%"
"26/01/2021","173,60","168,80","175,10","168,10","24,88K","3,64%"
"25/01/2021","167,50","175,00","175,80","165,20","24,99K","-3,29%"
"22/01/2021","173,20","172,00","174,70","170,51","12,72K","-1,03%"
"21/01/2021","175,00","179,30","179,81","172,20","23,66K","-2,29%"
"20/01/2021","179,10","183,30","184,40","176,49","29,95K","-1,65%"
"19/01/2021","182,10","182,40","182,80","175,00","39,80K","1,51%"
"15/01/2021","179,40","186,40","187,70","175,10","54,07K","-0,50%"
"14/01/2021","180,30","170,30","182,19","170,30","46,84K","7,90%"
"13/01/2021","167,10","163,20","168,20","161,70","30,96K","3,40%"
"12/01/2021","161,60","161,20","164,00","160,00","34,69K","0,37%"
"11/01/2021","161,00","151,10","161,81","150,00","44,80K","6,34%"
"08/01/2021","151,40","153,90","155,00","148,00","32,06K","-0,72%"
"07/01/2021","152,50","155,10","158,30","150,61","56,22K","3,46%"
"06/01/2021","147,40","145,70","153,48","145,70","55,96K","8,46%"
"05/01/2021","135,90","130,90","136,15","130,50","20,46K","4,38%"
"04/01/2021","130,20","126,10","131,40","125,90","16,05K","4,16%"
"31/12/2020","125,00","127,70","127,70","124,70","7,20K","-1,96%"
"30/12/2020","127,50","124,70","127,90","123,80","8,75K","3,16%"
"29/12/2020","123,60","129,30","129,30","122,50","14,65K","-3,74%"
"28/12/2020","128,40","132,90","133,20","128,00","8,89K","-1,91%"
"24/12/2020","130,90","133,80","134,44","130,47","4,72K","-1,87%"
"23/12/2020","133,40","129,70","135,00","128,20","23,70K","3,41%"
"22/12/2020","129,00","129,10","129,50","126,78","7,84K","1,22%"
"21/12/2020","127,45","132,40","132,40","125,30","8,76K","-0,51%"
"18/12/2020","128,10","129,00","131,00","127,60","14,30K","-0,70%"
"17/12/2020","129,00","132,00","132,00","127,80","12,83K","-1,53%"
"16/12/2020","131,00","132,90","132,90","127,83","40,36K","3,48%"
"15/12/2020","126,60","123,50","127,50","122,50","7,95K","2,51%"
"14/12/2020","123,50","127,70","128,50","123,50","6,15K","-2,06%"
"11/12/2020","126,10","128,10","128,89","125,20","7,46K","-1,71%"
"10/12/2020","128,30","126,20","129,07","126,00","8,77K","1,02%"
"09/12/2020","127,00","134,40","134,40","125,00","17,76K","-5,22%"
"08/12/2020","134,00","132,60","134,90","131,50","10,60K","0,00%"
"07/12/2020","134,00","137,50","138,70","132,50","17,50K","-2,33%"
"04/12/2020","137,20","138,60","140,30","135,80","35,58K","0,66%"
"03/12/2020","136,30","134,40","137,60","132,03","22,96K","1,56%"
"02/12/2020","134,20","129,00","135,30","128,15","16,02K","4,60%"
"01/12/2020","128,30","139,10","139,90","127,90","20,02K","-5,66%"
"30/11/2020","136,00","132,40","136,30","127,90","24,67K","4,78%"
"27/11/2020","129,80","123,10","129,80","122,80","10,52K","6,95%"
"25/11/2020","121,37","120,50","121,90","118,40","10,86K","0,22%"
"24/11/2020","121,10","120,80","122,50","119,40","19,15K","5,76%"
"23/11/2020","114,50","113,20","114,70","112,11","4,69K","2,23%"
"20/11/2020","112,00","113,00","113,10","110,90","4,75K","-0,44%"
"19/11/2020","112,50","112,20","113,13","110,70","3,93K","0,27%"
"18/11/2020","112,20","113,80","115,00","112,00","6,88K","-0,71%"
"17/11/2020","113,00","108,70","113,00","108,69","10,17K","3,57%"
"16/11/2020","109,10","109,40","109,79","107,50","6,57K","-0,13%"
"13/11/2020","109,24","107,20","109,90","106,90","4,40K","2,96%"
"12/11/2020","106,10","108,20","109,27","106,00","6,47K","-2,21%"
"11/11/2020","108,50","107,20","109,70","104,10","13,36K","0,84%"
"10/11/2020","107,60","109,00","109,00","105,20","12,95K","-5,11%"
"09/11/2020","113,40","130,80","131,42","111,10","39,96K","0,35%"
"06/11/2020","113,00","110,00","121,90","108,00","48,08K","7,62%"
"05/11/2020","105,00","97,20","105,00","96,38","17,26K","13,39%"
"04/11/2020","92,60","94,60","94,60","91,56","8,30K","-2,83%"
"03/11/2020","95,30","96,00","96,05","93,40","6,99K","2,25%"
"02/11/2020","93,20","89,60","95,08","89,10","8,23K","7,50%"
"30/10/2020","86,70","89,70","89,70","85,60","3,81K","-3,13%"
"29/10/2020","89,50","88,50","90,87","87,50","2,16K","1,24%"
"28/10/2020","88,40","90,00","90,10","87,13","5,01K","-2,43%"
"27/10/2020","90,60","91,30","92,45","90,50","1,30K","0,11%"
"26/10/2020","90,50","95,10","95,90","90,00","4,66K","-5,73%"
"23/10/2020","96,00","97,40","97,40","94,30","3,17K","0,00%"
"22/10/2020","96,00","96,10","96,50","94,13","2,39K","0,00%"
"21/10/2020","96,00","96,50","98,50","95,10","3,74K","-0,31%"
"20/10/2020","96,30","97,40","97,40","95,00","5,24K","-0,52%"
"19/10/2020","96,80","93,70","97,30","93,26","6,21K","3,86%"
"16/10/2020","93,20","93,50","94,39","92,35","3,66K","0,54%"
"15/10/2020","92,70","94,50","94,50","91,00","5,29K","-2,42%"
"14/10/2020","95,00","96,60","97,50","94,63","3,95K","-1,66%"
"13/10/2020","96,60","97,60","98,00","95,00","4,99K","-1,83%"
"12/10/2020","98,40","96,90","99,78","96,90","12,39K","2,29%"
"09/10/2020","96,20","96,20","97,10","94,50","23,47K","3,22%"
"08/10/2020","93,20","87,60","93,56","87,00","11,81K","7,37%"
"07/10/2020","86,80","84,00","87,66","84,00","1,87K","3,83%"
"06/10/2020","83,60","85,70","86,20","82,70","2,07K","-2,34%"
"05/10/2020","85,60","82,20","85,70","82,20","4,14K","955,49%"
"04/10/2020","8,11","8,11","8,11","8,11","","0,00%"
"03/10/2020","8,11","8,11","8,11","8,11","","-90,00%"
"02/10/2020","81,10","81,10","81,75","80,50","2,04K","-1,46%"
"01/10/2020","82,30","83,40","83,40","81,76","2,68K","-0,72%"
"30/09/2020","82,90","83,30","84,20","82,10","1,90K","0,00%"
"29/09/2020","82,90","82,40","83,20","81,70","1,83K","1,10%"
"28/09/2020","82,00","83,10","83,50","81,40","2,79K","898,78%"
"27/09/2020","8,21","8,21","8,21","8,21","","0,00%"
"26/09/2020","8,21","8,21","8,21","8,21","","-90,00%"
"25/09/2020","82,10","80,40","82,71","80,10","1,69K","1,48%"
"24/09/2020","80,90","81,30","82,91","80,40","2,01K","-2,29%"
"23/09/2020","82,80","88,10","88,10","82,43","3,44K","-6,44%"
"22/09/2020","88,50","87,30","88,70","86,00","2,66K","2,30%"
"21/09/2020","86,51","88,50","88,63","85,50","3,71K","-3,12%"
"18/09/2020","89,30","92,10","92,10","88,80","2,47K","-3,35%"
"17/09/2020","92,40","92,80","92,80","91,52","1,70K","-1,07%"
"16/09/2020","93,40","94,00","94,10","93,20","1,87K","0,21%"
"15/09/2020","93,20","93,30","95,11","92,50","1,63K","0,32%"
"14/09/2020","92,90","91,90","93,60","91,90","1,63K","915,30%"
"13/09/2020","9,15","9,15","9,15","9,15","","-90,01%"
"11/09/2020","91,55","93,30","93,35","91,00","1,81K","-1,56%"
"10/09/2020","93,00","93,80","95,50","92,80","1,83K","-0,75%"
"09/09/2020","93,70","93,20","94,80","93,20","1,15K","1,30%"
"08/09/2020","92,50","94,10","94,10","91,30","2,28K","-3,34%"
"04/09/2020","95,70","98,20","99,60","91,20","4,21K","-2,05%"
"03/09/2020","97,70","99,80","101,35","97,00","4,83K","-2,50%"
"02/09/2020","100,20","101,50","101,50","100,00","3,99K","-1,18%"
"01/09/2020","101,40","102,00","102,00","100,67","2,85K","-0,88%"
"31/08/2020","102,30","102,30","102,90","100,60","4,69K","900,98%"
"30/08/2020","10,22","10,22","10,22","10,22","","-90,00%"
"28/08/2020","102,22","100,00","102,70","100,00","4,14K","2,73%"
"27/08/2020","99,50","99,20","100,46","98,75","1,90K","0,40%"
"26/08/2020","99,10","100,00","100,60","98,10","2,85K","-0,80%"
"25/08/2020","99,90","99,10","100,00","98,75","3,43K","1,63%"
"24/08/2020","98,30","99,70","99,70","97,80","4,62K","883,00%"
"23/08/2020","10,00","10,00","10,00","10,00","","-90,00%"
"21/08/2020","100,00","103,20","103,20","100,00","4,11K","-3,57%"
"20/08/2020","103,70","104,60","105,00","102,60","2,85K","-2,08%"
"19/08/2020","105,90","104,60","106,50","103,50","5,94K","1,24%"
"18/08/2020","104,60","105,40","105,85","103,10","2,30K","0,58%"
"17/08/2020","104,00","103,70","105,00","103,60","3,05K","0,58%"
"14/08/2020","103,40","103,00","103,50","101,71","1,26K","-0,10%"
"13/08/2020","103,50","100,30","103,60","99,70","3,69K","3,92%"
"12/08/2020","99,60","101,30","101,30","98,60","3,75K","-0,60%"
"11/08/2020","100,20","103,80","103,80","100,00","2,55K","-3,00%"
"10/08/2020","103,30","101,90","103,80","101,14","3,73K","937,15%"
"09/08/2020","9,96","9,96","9,96","9,96","","0,00%"
"08/08/2020","9,96","9,96","9,96","9,96","","-90,00%"
"07/08/2020","99,60","100,80","101,24","99,40","3,01K","-1,87%"
"06/08/2020","101,50","105,00","105,40","101,50","9,65K","-4,06%"
"05/08/2020","105,80","107,20","107,20","105,10","2,56K","-1,31%"
"04/08/2020","107,20","104,00","107,20","103,40","3,69K","3,57%"
"03/08/2020","103,50","102,40","104,40","101,60","1,95K","913,71%"
"02/08/2020","10,21","10,21","10,21","10,21","","-90,00%"
"31/07/2020","102,05","103,70","105,50","101,50","1,84K","-2,16%"
"30/07/2020","104,30","104,30","104,57","103,11","2,75K","-0,48%"
"29/07/2020","104,80","106,20","106,20","103,90","4,05K","-1,50%"
"28/07/2020","106,40","103,00","107,68","102,82","5,96K","4,01%"
"27/07/2020","102,30","100,70","102,90","100,40","3,95K","925,05%"
"26/07/2020","9,98","9,98","9,98","9,98","","0,00%"
"25/07/2020","9,98","9,98","9,98","9,98","","-90,00%"
"24/07/2020","99,80","100,00","100,00","98,00","1,97K","-0,50%"
"23/07/2020","100,30","101,50","102,16","99,40","3,53K","-1,18%"
"22/07/2020","101,50","103,10","103,10","101,04","1,69K","-1,55%"
"21/07/2020","103,10","102,20","103,90","101,80","2,95K","1,58%"
"20/07/2020","101,50","101,50","102,62","101,00","2,76K","-0,78%"
"17/07/2020","102,30","102,50","104,18","101,60","2,07K","0,00%"
"16/07/2020","102,30","102,00","102,50","100,51","2,11K","-0,39%"
"15/07/2020","102,70","100,30","102,70","100,00","4,66K","3,63%"
"14/07/2020","99,10","99,30","99,65","96,60","1,84K","0,41%"
"13/07/2020","98,70","99,30","103,00","98,50","6,96K","903,05%"
"12/07/2020","9,84","9,84","9,84","9,84","","0,00%"
"11/07/2020","9,84","9,84","9,84","9,84","","-90,00%"
"10/07/2020","98,40","96,70","98,40","95,95","4,34K","2,29%"
"09/07/2020","96,20","98,50","98,50","95,00","5,22K","-1,43%"
"08/07/2020","97,60","97,40","99,30","97,05","3,85K","-0,31%"
"07/07/2020","97,90","98,10","99,20","97,30","2,18K","-0,20%"
"06/07/2020","98,10","96,80","98,80","96,35","3,74K","921,87%"
"05/07/2020","9,60","9,60","9,60","9,60","","0,00%"
"04/07/2020","9,60","9,60","9,60","9,60","","-90,00%"
"02/07/2020","96,00","97,40","97,50","95,90","2,23K","-0,31%"
"01/07/2020","96,30","96,20","98,40","96,20","2,04K","0,42%"
"30/06/2020","95,90","94,60","96,30","94,60","2,44K","0,84%"
"29/06/2020","95,10","96,00","96,70","92,60","3,81K","0,11%"
"26/06/2020","95,00","98,10","98,10","94,10","3,31K","-2,66%"
"25/06/2020","97,60","97,60","98,90","96,21","3,10K","-1,11%"
"24/06/2020","98,70","101,60","101,60","96,50","6,05K","-2,66%"
"23/06/2020","101,40","102,00","104,70","101,00","3,61K","1,00%"
"22/06/2020","100,40","101,00","101,70","99,90","3,80K","-1,08%"
"19/06/2020","101,50","104,00","104,00","100,00","4,36K","-3,06%"
"18/06/2020","104,70","102,90","105,30","102,39","8,06K","0,77%"
"17/06/2020","103,90","106,00","106,00","102,77","2,48K","-1,61%"
"16/06/2020","105,60","109,10","109,10","105,00","2,51K","-0,09%"
"15/06/2020","105,70","104,00","106,40","101,70","2,69K","0,19%"
"12/06/2020","105,50","109,20","109,58","104,00","2,95K","1,93%"
"11/06/2020","103,50","111,80","112,15","103,50","7,84K","-11,23%"
"10/06/2020","116,60","118,00","118,70","115,55","4,30K","-1,19%"
"09/06/2020","118,00","117,50","119,60","116,00","5,39K","-0,67%"
"08/06/2020","118,80","110,00","119,00","109,90","5,50K","985,92%"
"07/06/2020","10,94","10,94","10,94","10,94","","-90,00%"
"05/06/2020","109,40","112,70","112,70","108,60","4,36K","-0,73%"
"04/06/2020","110,20","109,40","111,50","108,30","4,04K","0,64%"
"03/06/2020","109,50","109,30","110,25","108,47","3,18K","1,30%"
"02/06/2020","108,10","108,60","109,90","107,00","3,39K","0,37%"
"01/06/2020","107,70","106,90","107,90","105,00","5,20K","1,70%"
"29/05/2020","105,90","106,90","108,00","103,60","5,91K","-5,11%"
"28/05/2020","111,60","111,50","115,70","110,00","6,35K","0,90%"
"27/05/2020","110,60","114,00","114,66","105,61","15,44K","-1,60%"
"26/05/2020","112,40","119,50","119,50","110,80","11,92K","2,93%"
"22/05/2020","109,20","103,80","110,30","101,10","13,97K","5,61%"
"21/05/2020","103,40","98,00","103,70","96,82","5,91K","7,82%"
"20/05/2020","95,90","96,80","96,80","94,50","3,18K","0,10%"
"19/05/2020","95,80","97,90","97,90","94,00","7,48K","-0,21%"
"18/05/2020","96,00","92,80","97,20","92,80","7,08K","8,60%"
"15/05/2020","88,40","84,10","89,30","83,85","12,41K","7,80%"
"14/05/2020","82,00","79,80","82,20","77,50","2,76K","2,50%"
"13/05/2020","80,00","83,70","84,05","79,16","4,03K","-5,55%"
"12/05/2020","84,70","86,90","87,60","84,50","1,81K","-1,74%"
"11/05/2020","86,20","87,40","87,40","85,00","3,50K","-0,35%"
"08/05/2020","86,50","87,00","87,35","86,00","2,56K","0,12%"
"07/05/2020","86,40","86,60","87,50","84,70","2,02K","0,70%"
"06/05/2020","85,80","86,00","86,55","85,10","2,34K","-0,12%"
"05/05/2020","85,90","87,30","88,18","85,34","1,59K","0,00%"
"04/05/2020","85,90","83,20","85,90","82,00","2,01K","926,28%"
"03/05/2020","8,37","8,37","8,37","8,37","","0,00%"
"02/05/2020","8,37","8,37","8,37","8,37","","-90,00%"
"01/05/2020","83,70","85,30","85,55","82,00","2,72K","-4,12%"
"30/04/2020","87,30","89,10","89,40","86,90","2,58K","-2,57%"
"29/04/2020","89,60","90,00","90,20","87,98","3,03K","1,93%"
"28/04/2020","87,90","92,80","93,10","87,40","5,33K","-2,77%"
"27/04/2020","90,40","86,60","91,50","86,60","6,42K","5,73%"
"24/04/2020","85,50","83,70","85,79","81,90","6,49K","3,01%"
"23/04/2020","83,00","82,00","83,70","81,74","2,10K","1,97%"
"22/04/2020","81,40","83,10","83,10","81,00","1,30K","0,00%"
"21/04/2020","81,40","80,50","81,40","79,00","1,53K","-0,97%"
"20/04/2020","82,20","80,90","84,60","80,12","3,16K","1,48%"
"17/04/2020","81,00","81,20","81,90","79,90","2,00K","2,79%"
"16/04/2020","78,80","81,60","81,60","77,80","2,01K","-2,60%"
"15/04/2020","80,90","81,90","82,10","79,49","2,11K","-1,46%"
"14/04/2020","82,10","82,30","83,90","81,00","2,87K","2,18%"
"13/04/2020","80,35","78,60","80,35","77,40","2,32K","1,97%"
"09/04/2020","78,80","79,70","81,38","77,70","2,92K","0,64%"
"08/04/2020","78,30","77,00","78,80","75,18","2,94K","3,03%"
"07/04/2020","76,00","77,80","78,89","75,94","2,02K","1,33%"
"06/04/2020","75,00","75,50","76,50","74,57","2,11K","3,88%"
"03/04/2020","72,20","74,70","75,97","71,40","3,55K","-2,70%"
"02/04/2020","74,20","73,10","76,50","73,10","1,57K","1,64%"
"01/04/2020","73,00","75,30","79,19","73,00","4,13K","-7,83%"
"31/03/2020","79,20","81,70","83,00","78,50","1,56K","-2,10%"
"30/03/2020","80,90","89,70","89,70","76,60","26,94K","846,20%"
"28/03/2020","8,55","8,55","8,55","8,55","","-90,00%"
"27/03/2020","85,50","85,00","91,30","85,00","4,99K","0,59%"
"26/03/2020","85,00","78,50","90,00","78,50","6,13K","11,11%"
"25/03/2020","76,50","73,30","79,16","72,03","3,78K","7,14%"
"24/03/2020","71,40","69,10","72,02","69,10","2,69K","8,35%"
"23/03/2020","65,90","70,40","71,20","64,55","2,45K","882,12%"
"21/03/2020","6,71","6,71","6,71","6,71","","-90,00%"
"20/03/2020","67,10","66,50","72,30","66,43","3,47K","4,19%"
"19/03/2020","64,40","59,80","68,00","59,80","3,59K","6,80%"
"18/03/2020","60,30","61,60","65,00","59,05","2,60K","-8,50%"
"17/03/2020","65,90","65,60","67,45","61,40","3,00K","1,23%"
"16/03/2020","65,10","62,00","66,74","60,10","3,33K","844,85%"
"14/03/2020","6,89","6,89","6,89","6,89","","-90,00%"
"13/03/2020","68,90","71,50","71,50","65,00","23,86K","3,45%"
"12/03/2020","66,60","68,10","71,80","65,64","4,02K","-13,95%"
"11/03/2020","77,40","82,30","82,92","76,57","2,27K","-7,53%"
"10/03/2020","83,70","83,60","85,71","77,90","21,51K","2,57%"
"09/03/2020","81,60","82,50","85,50","80,70","2,95K","-10,92%"
"06/03/2020","91,60","93,80","95,10","91,07","4,07K","-5,08%"
"05/03/2020","96,50","99,40","99,80","96,40","3,56K","-4,83%"
"04/03/2020","101,40","98,80","101,60","97,70","2,59K","4,86%"
"03/03/2020","96,70","99,50","100,72","95,65","2,29K","-4,26%"
"02/03/2020","101,00","100,60","101,20","97,80","2,20K","1,51%"
"28/02/2020","99,50","95,80","99,86","94,10","6,59K","-0,70%"
"27/02/2020","100,20","103,40","103,40","96,65","4,78K","-4,93%"
"26/02/2020","105,40","106,90","108,10","105,00","17,31K","-1,50%"
"25/02/2020","107,00","113,20","114,10","106,00","23,96K","-4,04%"
"24/02/2020","111,50","115,40","115,40","111,50","5,28K","-6,14%"
"21/02/2020","118,80","120,80","121,60","118,80","1,86K","-1,74%"
"20/02/2020","120,90","119,10","123,76","119,10","3,83K","1,60%"
"19/02/2020","119,00","118,80","119,60","118,60","1,05K","0,17%"
"18/02/2020","118,80","119,60","120,05","118,00","2,88K","893,31%"
"17/02/2020","11,96","11,96","11,96","11,96","","-90,00%"
"14/02/2020","119,60","119,70","120,69","118,00","5,18K","4,64%"
"13/02/2020","114,30","114,00","115,40","113,33","7,19K","0,18%"
"12/02/2020","114,10","117,00","117,10","114,10","2,53K","-2,06%"
"11/02/2020","116,50","114,40","118,05","113,80","4,61K","1,66%"
"10/02/2020","114,60","116,90","117,30","114,50","5,57K","-2,39%"
"07/02/2020","117,40","118,90","119,38","116,20","21,86K","-2,17%"
"06/02/2020","120,00","122,90","122,90","120,00","3,46K","-2,20%"
"05/02/2020","122,70","125,70","125,70","122,50","2,32K","-0,81%"
"04/02/2020","123,70","122,00","124,50","122,00","3,10K","2,40%"
"03/02/2020","120,80","122,00","122,50","119,61","20,64K","-0,49%"
"31/01/2020","121,40","123,40","124,59","120,80","2,79K","-2,18%"
"30/01/2020","124,10","124,90","126,58","123,60","2,70K","-2,28%"
"29/01/2020","127,00","129,20","129,80","126,40","2,15K","-0,94%"
"28/01/2020","128,20","125,90","128,20","125,10","3,14K","3,47%"
"27/01/2020","123,90","126,30","126,30","122,50","3,83K","-4,10%"
"24/01/2020","129,20","136,90","136,90","128,22","19,57K","-4,51%"
"23/01/2020","135,30","135,60","136,60","132,63","3,53K","-0,51%"
"22/01/2020","136,00","136,90","137,90","135,10","8,47K","-0,15%"
"21/01/2020","136,20","139,70","141,50","135,67","4,10K","-2,44%"
"17/01/2020","139,60","138,80","141,00","137,50","5,69K","0,58%"
"16/01/2020","138,80","140,10","142,90","138,00","6,85K","0,87%"
"15/01/2020","137,60","129,00","140,00","129,00","10,19K","6,83%"
"14/01/2020","128,80","125,50","129,60","122,42","8,19K","2,30%"
"13/01/2020","125,90","119,50","126,40","117,74","8,02K","5,36%"
"10/01/2020","119,50","121,10","121,10","119,30","1,83K","-1,40%"
"09/01/2020","121,20","118,90","121,40","118,00","2,05K","2,54%"
"08/01/2020","118,20","117,30","119,50","115,03","2,67K","0,17%"
"07/01/2020","118,00","121,10","121,10","118,00","1,79K","-1,99%"
"06/01/2020","120,40","123,10","123,10","120,00","2,28K","-2,34%"
"03/01/2020","123,29","124,60","124,90","123,00","1,91K","-1,37%"
"02/01/2020","125,00","128,10","129,10","123,60","3,77K","-0,33%"
"31/12/2019","125,42","118,30","127,30","117,71","5,05K","5,93%"
"30/12/2019","118,40","121,70","121,70","118,31","6,40K","-4,32%"
"27/12/2019","123,74","125,70","125,70","123,50","3,31K","-1,01%"
"26/12/2019","125,00","127,80","127,80","125,00","1,80K","-1,42%"
"24/12/2019","126,80","125,60","126,80","124,63","1,42K","0,96%"
"23/12/2019","125,60","128,00","128,00","125,30","2,67K","-1,76%"
"20/12/2019","127,85","128,90","129,10","125,21","1,81K","0,67%"
"19/12/2019","127,00","127,00","128,55","125,39","3,73K","1,11%"
"18/12/2019","125,60","129,30","129,60","125,50","7,37K","-3,09%"
"17/12/2019","129,60","133,00","133,00","129,20","1,85K","-2,56%"
"16/12/2019","133,00","134,60","134,83","132,65","2,48K","-0,67%"
"13/12/2019","133,90","133,90","135,90","133,30","1,19K","1,21%"
"12/12/2019","132,30","128,90","133,80","128,69","1,32K","2,48%"
"11/12/2019","129,10","129,50","131,00","128,53","2,37K","-0,46%"
"10/12/2019","129,70","132,50","132,50","128,90","2,09K","-1,59%"
"09/12/2019","131,80","127,80","132,60","127,80","1,85K","3,29%"
"06/12/2019","127,60","127,50","128,10","127,10","1,67K","0,00%"
"05/12/2019","127,60","128,00","129,00","127,20","3,27K","-0,31%"
"04/12/2019","128,00","129,90","131,09","128,00","2,69K","-1,54%"
"03/12/2019","130,00","127,90","130,00","127,00","1,97K","0,08%"
"02/12/2019","129,90","132,20","132,20","129,50","1,75K","-2,84%"
"29/11/2019","133,70","134,10","134,20","133,10","0,81K","-0,22%"
"27/11/2019","134,00","132,10","134,20","132,10","1,76K","1,44%"
"26/11/2019","132,10","132,80","133,85","130,40","2,76K","-1,42%"
"25/11/2019","134,00","136,90","138,34","132,88","2,71K","-2,19%"
"22/11/2019","137,00","144,80","145,50","136,60","4,09K","-5,71%"
"21/11/2019","145,30","138,70","149,90","137,55","7,68K","7,79%"
"20/11/2019","134,80","130,20","136,20","130,20","4,04K","4,66%"
"19/11/2019","128,80","123,80","130,15","123,80","4,51K","4,04%"
"18/11/2019","123,80","130,00","130,10","123,80","4,21K","-5,28%"
"15/11/2019","130,70","130,90","133,30","129,70","4,82K","-1,73%"
"14/11/2019","133,00","137,80","137,80","129,70","16,08K","-5,00%"
"13/11/2019","140,00","145,00","145,50","139,74","9,46K","-3,45%"
"12/11/2019","145,00","150,10","150,25","145,00","2,93K","-3,53%"
"11/11/2019","150,30","154,90","154,90","149,80","4,20K","-3,16%"
"08/11/2019","155,20","147,70","155,70","147,50","3,50K","4,79%"
"07/11/2019","148,10","151,80","151,80","147,90","13,70K","-0,80%"
"06/11/2019","149,30","151,40","151,60","148,66","11,45K","-2,10%"
"05/11/2019","152,50","151,60","154,60","151,60","2,57K","0,86%"
"04/11/2019","151,20","153,20","153,70","151,20","5,35K","-0,79%"
"01/11/2019","152,40","152,10","152,80","150,70","5,90K","0,93%"
"31/10/2019","151,00","152,20","152,20","148,00","4,14K","-0,84%"
"30/10/2019","152,28","154,10","155,20","151,90","5,36K","-0,60%"
"29/10/2019","153,20","159,00","159,00","153,00","6,80K","-3,95%"
"28/10/2019","159,50","160,90","162,55","159,20","2,54K","-0,18%"
"25/10/2019","159,78","158,70","161,00","156,50","1,93K","0,24%"
"24/10/2019","159,40","158,90","160,80","157,59","4,41K","1,17%"
"23/10/2019","157,55","154,20","158,20","154,20","2,36K","2,37%"
"22/10/2019","153,90","156,10","156,55","153,90","4,18K","-1,35%"
"21/10/2019","156,00","155,70","157,05","151,80","4,90K","0,65%"
"18/10/2019","155,00","160,20","160,20","153,70","4,78K","-2,94%"
"17/10/2019","159,70","158,90","159,70","155,00","4,80K","3,50%"
"16/10/2019","154,30","156,70","156,90","152,00","5,55K","-1,41%"
"15/10/2019","156,50","150,30","157,10","149,95","3,81K","6,10%"
"14/10/2019","147,50","148,50","150,00","145,50","3,02K","-1,14%"
"11/10/2019","149,20","152,00","154,27","149,00","3,37K","-0,60%"
"10/10/2019","150,10","159,30","159,30","150,10","3,47K","-6,36%"
"09/10/2019","160,30","163,70","163,70","159,80","1,87K","0,31%"
"08/10/2019","159,80","162,20","163,45","157,80","3,45K","-2,14%"
"07/10/2019","163,30","166,70","166,74","162,50","6,40K","-2,80%"
"04/10/2019","168,00","170,00","170,81","168,00","3,18K","0,84%"
"03/10/2019","166,60","161,20","166,60","159,20","5,31K","3,74%"
"02/10/2019","160,60","158,20","163,00","152,00","10,01K","0,63%"
"01/10/2019","159,60","165,20","166,50","158,37","6,56K","-3,51%"
"30/09/2019","165,40","169,80","169,80","163,16","4,81K","-2,30%"
"27/09/2019","169,30","175,30","175,40","168,40","5,25K","-3,48%"
"26/09/2019","175,40","181,00","181,80","174,40","8,32K","-0,85%"
"25/09/2019","176,90","178,80","179,59","172,60","3,65K","-0,44%"
"24/09/2019","177,69","188,00","189,00","177,60","5,32K","-5,33%"
"23/09/2019","187,70","189,80","190,50","187,50","3,52K","-1,01%"
"20/09/2019","189,62","190,90","191,10","189,00","2,49K","-0,96%"
"19/09/2019","191,45","197,00","197,00","191,10","1,47K","-2,23%"
"18/09/2019","195,81","197,00","197,00","194,70","1,88K","-0,25%"
"17/09/2019","196,30","200,00","201,75","195,10","3,84K","-1,90%"
"16/09/2019","200,10","202,50","203,80","200,00","2,60K","-1,43%"
"13/09/2019","203,00","202,90","203,50","201,60","3,81K","0,50%"
"12/09/2019","202,00","204,30","205,60","201,57","1,74K","-2,52%"
"11/09/2019","207,23","206,40","208,20","205,11","2,91K","0,84%"
"10/09/2019","205,50","202,60","205,50","199,10","5,23K","0,98%"
"09/09/2019","203,50","213,40","213,40","202,70","4,24K","-2,86%"
"06/09/2019","209,50","206,40","210,70","204,38","5,41K","2,20%"
"05/09/2019","205,00","200,40","205,40","200,40","4,43K","3,33%"
"04/09/2019","198,40","200,20","200,20","195,70","3,84K","-0,16%"
"03/09/2019","198,72","193,60","198,80","192,78","2,71K","2,51%"
"30/08/2019","193,85","197,70","198,50","193,60","7,44K","-1,35%"
"29/08/2019","196,50","197,20","198,40","196,00","2,16K","1,08%"
"28/08/2019","194,40","189,50","195,00","186,62","7,06K","2,37%"
"27/08/2019","189,90","200,70","200,70","189,10","5,67K","-4,13%"
"26/08/2019","198,09","202,50","202,90","197,00","3,88K","-1,45%"
"23/08/2019","201,00","205,00","205,70","201,00","2,43K","-2,43%"
"22/08/2019","206,00","212,20","212,20","206,00","1,56K","-2,42%"
"21/08/2019","211,10","212,30","212,50","210,01","2,51K","0,33%"
"20/08/2019","210,40","212,30","213,47","210,20","2,04K","-0,75%"
"19/08/2019","212,00","218,10","218,70","212,00","2,93K","-1,07%"
"16/08/2019","214,30","213,10","215,90","213,10","5,74K","1,95%"
"15/08/2019","210,20","221,90","221,90","209,80","7,64K","-5,97%"
"14/08/2019","223,55","232,40","232,50","222,70","6,67K","-5,65%"
"13/08/2019","236,94","232,40","237,31","231,70","3,64K","2,39%"
"12/08/2019","231,40","230,30","232,90","226,70","3,61K","-0,09%"
"09/08/2019","231,60","234,00","234,55","229,00","3,18K","-0,60%"
"08/08/2019","233,00","235,00","235,00","231,50","2,99K","1,22%"
"07/08/2019","230,20","230,70","230,70","227,30","2,62K","-0,30%"
"06/08/2019","230,90","229,90","236,54","227,01","6,44K","1,94%"
"05/08/2019","226,50","229,80","229,80","223,50","8,12K","-1,78%"
"02/08/2019","230,60","224,30","232,30","223,10","9,34K","5,25%"
"01/08/2019","219,10","223,70","223,70","218,50","6,55K","-1,99%"
"31/07/2019","223,56","225,30","226,90","222,20","8,93K","-0,06%"
"30/07/2019","223,70","220,80","224,90","218,30","7,54K","0,86%"
"29/07/2019","221,80","224,80","224,80","218,50","7,88K","-0,84%"
"26/07/2019","223,69","222,50","224,34","221,70","3,02K","0,31%"
"25/07/2019","223,00","224,80","227,90","222,30","6,75K","-0,80%"
"24/07/2019","224,80","226,40","226,40","223,20","6,59K","-0,97%"
"23/07/2019","227,00","230,90","230,90","225,80","7,41K","-1,43%"
"22/07/2019","230,30","235,70","236,30","228,74","7,84K","-1,79%"
"19/07/2019","234,50","235,20","236,00","234,03","8,48K","-0,17%"
"18/07/2019","234,90","238,90","238,90","232,40","7,88K","-1,51%"
"17/07/2019","238,50","236,50","239,30","236,33","11,81K","1,30%"
"16/07/2019","235,45","235,40","237,20","233,12","10,16K","0,35%"
"15/07/2019","234,62","230,00","235,60","225,25","11,60K","2,51%"
"12/07/2019","228,87","238,20","238,20","228,06","13,01K","-4,47%"
"11/07/2019","239,57","243,90","244,10","238,41","18,61K","-1,21%"
"10/07/2019","242,50","248,40","248,40","242,50","24,77K","-1,26%"